,Name,Age,#days,Lev,Tm,G,PA,AB,R,H,2B,3B,HR,RBI,BB,IBB,SO,HBP,SH,SF,GDP,SB,CS,BA,OBP,SLG,OPS,mlbID
1,CJ Abrams,22,426,Maj-NL,Washington,150,610,559,83,138,28,6,18,64,32,2,117,13,3,3,7,47,4,0.247,0.302,0.415,0.717,682928
2,Jos\xc3\xa9 Abreu,36,426,Maj-AL,Houston,139,586,533,61,126,23,1,18,90,41,1,129,6,0,6,16,0,1,0.236,0.295,0.385,0.68,547989
3,Wilyer Abreu,24,426,Maj-AL,Boston,28,85,76,10,24,6,0,2,14,9,0,23,0,0,0,0,3,1,0.316,0.388,0.474,0.862,677800
4,Ronald Acu\xc3\xb1a Jr.,25,426,Maj-NL,Atlanta,158,729,637,149,215,35,4,41,106,80,3,84,9,0,3,15,71,14,0.338,0.417,0.598,1.015,660670
5,Willy Adames,27,426,Maj-NL,Milwaukee,148,634,550,73,119,29,2,24,80,70,1,165,6,0,6,11,5,3,0.216,0.309,0.407,0.716,642715
6,Jordyn Adams,23,441,Maj-AL,Los Angeles,17,40,39,1,5,0,0,0,1,0,0,16,0,0,1,0,1,2,0.128,0.125,0.128,0.253,677941
7,Riley Adams,27,451,Maj-NL,Washington,44,158,143,8,39,13,2,4,21,11,0,45,2,1,1,5,0,0,0.273,0.331,0.476,0.807,656180
8,Jo Adell,24,426,Maj-AL,Los Angeles,17,62,58,7,12,3,1,3,6,4,0,25,0,0,0,1,1,0,0.207,0.258,0.448,0.706,666176
9,Ehire Adrianza,33,579,Maj-NL,Atlanta,5,11,10,0,0,0,0,0,0,1,0,4,0,0,0,0,0,0,0.0,0.091,0.0,0.091,501303
10,Jes\xc3\xbas Aguilar,33,553,Maj-AL,Oakland,35,111,101,8,23,2,0,5,9,7,1,29,1,0,1,3,0,0,0.228,0.282,0.396,0.678,542583
11,Nick Ahmed,33,452,Maj-NL,Arizona,70,205,193,13,41,9,1,2,17,12,0,50,0,0,0,0,5,1,0.212,0.259,0.301,0.559,605113
12,Hanser Alberto,30,549,Maj-AL,Chicago,30,90,82,11,18,5,0,3,16,4,0,13,1,2,1,1,0,0,0.22,0.261,0.39,0.652,593643
13,Ozzie Albies,26,426,Maj-NL,Atlanta,147,655,591,96,165,30,5,33,108,46,2,107,8,0,8,9,13,1,0.279,0.335,0.514,0.85,645277
14,Jorge Alfaro,30,488,"Maj-AL,Maj-NL","Boston,Colorado",18,52,48,2,7,4,0,1,4,2,0,15,2,0,0,3,0,0,0.146,0.212,0.292,0.503,595751
15,Greg Allen,30,468,Maj-AL,New York,22,28,23,6,5,1,1,1,1,2,0,10,2,1,0,0,3,1,0.217,0.333,0.478,0.812,656185
16,Nick Allen,24,426,Maj-AL,Oakland,105,329,303,29,67,4,2,4,20,17,0,52,1,6,2,8,5,1,0.221,0.263,0.287,0.55,669397
17,Abraham Almonte,34,462,Maj-NL,New York,8,16,15,1,1,1,0,0,0,1,0,8,0,0,0,0,0,0,0.067,0.125,0.133,0.258,501659
18,Pete Alonso,28,426,Maj-NL,New York,152,649,560,91,122,21,2,45,117,64,6,150,21,0,4,17,4,1,0.218,0.319,0.504,0.823,624413
19,Jose Altuve,33,426,Maj-AL,Houston,90,410,360,76,112,21,2,17,51,44,0,71,5,0,1,9,14,2,0.311,0.393,0.522,0.915,514888
20,Jake Alu,26,426,Maj-NL,Washington,51,175,159,14,36,2,1,2,16,10,0,42,3,1,2,2,5,1,0.226,0.282,0.289,0.571,666906
21,Francisco Alvarez,21,426,Maj-NL,New York,123,423,382,51,80,12,0,25,63,34,0,110,6,0,1,14,2,0,0.209,0.284,0.437,0.721,682626
22,Yordan Alvarez,26,426,Maj-AL,Houston,112,488,404,75,118,23,1,30,93,68,5,89,12,0,4,7,0,0,0.292,0.406,0.577,0.982,670541
23,Jacob Amaya,24,524,Maj-NL,Miami,4,9,9,1,2,0,0,0,2,0,0,1,0,0,0,0,1,0,0.222,0.222,0.222,0.444,676070
24,Miguel Amaya,24,426,Maj-NL,Chicago,53,156,131,17,28,4,0,5,18,12,0,40,11,1,1,2,0,0,0.214,0.329,0.359,0.688,665804
25,Brian Anderson,30,430,Maj-NL,Milwaukee,95,358,316,38,71,12,3,9,40,35,0,107,4,0,3,10,1,3,0.225,0.307,0.367,0.674,605119
27,Tim Anderson,30,427,Maj-AL,Chicago,121,514,485,50,117,17,2,1,25,24,0,121,3,0,2,15,12,2,0.241,0.28,0.291,0.571,641313
28,Elvis Andrus,34,426,Maj-AL,Chicago,110,398,366,39,92,20,1,6,44,25,1,71,4,1,2,11,11,4,0.251,0.305,0.361,0.666,462101
29,Miguel Andujar,28,426,Maj-NL,Pittsburgh,30,90,84,9,21,7,0,4,18,6,0,13,0,0,0,1,2,0,0.25,0.3,0.476,0.776,609280
30,Jonathan Aranda,25,426,Maj-AL,Tampa Bay,34,103,87,13,20,4,1,2,13,13,1,31,2,0,1,1,0,0,0.23,0.34,0.368,0.708,666018
31,Jonathan Ara\xc3\xbaz,24,440,Maj-NL,New York,27,66,59,3,8,0,0,3,9,5,0,18,0,2,0,1,0,0,0.136,0.203,0.288,0.491,660620
32,Orlando Arcia,28,426,Maj-NL,Atlanta,138,528,484,65,128,25,0,17,64,38,0,101,3,0,3,14,1,0,0.265,0.32,0.422,0.742,606115
33,Nolan Arenado,32,436,Maj-NL,St. Louis,143,607,555,71,147,25,2,26,90,41,5,101,3,0,8,20,3,3,0.265,0.315,0.458,0.772,571448
34,Gabriel Arias,23,431,Maj-AL,Cleveland,121,345,315,36,66,15,0,10,26,28,0,113,1,0,1,9,3,4,0.21,0.275,0.352,0.628,672356
35,Randy Arozarena,28,427,Maj-AL,Tampa Bay,150,650,547,95,139,19,3,23,82,80,1,156,18,0,5,10,22,10,0.254,0.365,0.426,0.791,668227
36,Luis Arr\xc3\xa1ez,26,428,Maj-NL,Miami,145,609,567,70,200,29,3,10,68,34,10,33,4,1,3,18,3,2,0.353,0.391,0.467,0.859,650333
37,Christian Arroyo,28,486,Maj-AL,Boston,65,202,191,23,46,15,0,3,22,7,0,44,1,1,2,7,1,3,0.241,0.269,0.367,0.635,624414
38,Jos\xc3\xa9 Azocar,27,426,Maj-NL,San Diego,54,99,89,16,21,6,0,2,9,4,0,24,2,4,0,2,8,2,0.236,0.284,0.371,0.655,640492
39,Akil Baddoo,24,426,Maj-AL,Detroit,112,357,312,40,68,13,1,11,34,42,2,89,0,2,1,4,14,3,0.218,0.31,0.372,0.682,668731
40,Harrison Bader,29,440,"Maj-AL,Maj-NL","Cincinnati,New York",98,344,319,44,74,12,2,7,40,17,0,59,3,1,4,7,20,3,0.232,0.274,0.348,0.622,664056
41,Ji Hwan Bae,23,426,Maj-NL,Pittsburgh,110,367,331,52,75,16,2,2,32,29,0,92,2,3,2,4,22,9,0.227,0.291,0.305,0.596,678225
42,Javier B\xc3\xa1ez,30,426,Maj-AL,Detroit,135,543,507,58,112,18,4,9,59,23,0,124,9,0,3,12,12,0,0.221,0.266,0.325,0.591,595879
43,Patrick Bailey,24,427,Maj-NL,San Francisco,97,353,326,29,76,18,1,7,48,21,0,100,3,2,1,8,1,0,0.233,0.285,0.359,0.644,672275
44,Luken Baker,26,426,Maj-NL,St. Louis,33,99,86,9,18,3,0,2,10,13,0,31,0,0,0,1,0,0,0.209,0.313,0.314,0.627,663609
45,Rylan Bannon,27,580,Maj-AL,Houston,2,6,6,0,0,0,0,0,0,0,0,3,0,0,0,0,0,0,0.0,0.0,0.0,0.0,676625
46,Austin Barnes,33,427,Maj-NL,Los Angeles,59,200,178,15,32,5,0,2,11,17,0,43,2,1,2,7,2,1,0.18,0.256,0.242,0.498,605131
47,Tucker Barnhart,32,472,Maj-NL,Chicago,43,123,109,6,22,3,0,1,9,12,0,42,1,0,1,4,1,0,0.202,0.285,0.257,0.542,571466
48,Tres Barrera,28,556,Maj-NL,St. Louis,6,2,2,0,0,0,0,0,0,0,0,0,0,0,0,0,0,0,0.0,0.0,0.0,0.0,668663
49,Jose Barrero,25,535,Maj-NL,Cincinnati,45,145,129,15,29,8,0,2,17,15,0,42,0,0,1,1,3,2,0.225,0.303,0.333,0.637,676480
50,Joey Bart,26,446,Maj-NL,San Francisco,29,95,87,9,18,5,0,0,5,3,0,23,4,0,1,0,0,0,0.207,0.263,0.264,0.528,663698
51,Osleivis Basabe,22,426,Maj-AL,Tampa Bay,31,94,87,15,19,5,0,1,12,6,0,25,1,0,0,2,0,1,0.218,0.277,0.31,0.587,678545
53,Matthew Batten,28,426,Maj-NL,San Diego,43,139,120,19,31,6,0,2,11,17,0,30,1,1,0,0,2,2,0.258,0.355,0.358,0.713,676946
54,Brett Baty,23,426,Maj-NL,New York,108,389,353,41,75,12,0,9,34,29,0,109,2,1,1,8,2,0,0.213,0.275,0.323,0.598,683146
55,Jake Bauers,27,427,Maj-AL,New York,84,272,242,28,49,15,0,12,30,27,0,95,0,0,3,3,3,2,0.203,0.279,0.413,0.693,641343
56,Matt Beaty,30,451,"Maj-AL,Maj-NL","Kansas City,San Francisco",29,71,60,8,14,4,0,0,4,6,0,13,5,0,0,1,0,0,0.233,0.352,0.3,0.652,607461
57,Josh Bell,30,427,"Maj-AL,Maj-NL","Cleveland,Miami",148,608,540,52,134,28,0,22,74,61,2,133,2,0,3,13,0,1,0.248,0.325,0.422,0.747,605137
58,Cody Bellinger,27,427,Maj-NL,Chicago,129,552,496,95,153,29,1,26,97,39,3,86,5,0,12,7,20,6,0.309,0.357,0.528,0.885,641355
59,Brandon Belt,35,426,Maj-AL,Toronto,102,400,335,53,85,22,0,19,43,61,1,139,2,0,2,5,0,0,0.254,0.37,0.49,0.86,474832
60,Anthony Bemboom,33,517,Maj-AL,Baltimore,6,13,11,0,2,0,0,0,0,2,0,2,0,0,0,0,0,0,0.182,0.308,0.182,0.49,621532
61,Andrew Benintendi,28,428,Maj-AL,Chicago,149,612,553,71,145,33,2,5,45,52,5,88,3,1,3,12,13,2,0.262,0.327,0.356,0.684,643217
62,Will Benson,25,426,Maj-NL,Cincinnati,107,325,283,51,79,15,8,11,31,40,0,99,1,0,1,3,19,3,0.279,0.369,0.505,0.875,666181
63,Jon Berti,33,426,Maj-NL,Miami,131,420,384,53,113,16,3,7,33,29,2,75,2,2,3,10,16,6,0.294,0.345,0.406,0.751,542932
64,Christian Bethancourt,31,427,Maj-AL,Tampa Bay,103,329,313,49,71,16,0,11,33,12,0,91,0,1,3,6,1,0,0.227,0.253,0.383,0.636,542194
65,Mookie Betts,30,426,Maj-NL,Los Angeles,150,683,577,124,178,40,1,38,106,93,3,103,8,0,5,5,14,3,0.309,0.409,0.579,0.987,605141
66,Bo Bichette,25,426,Maj-AL,Toronto,134,595,565,67,171,29,3,20,72,27,0,114,2,0,1,14,5,3,0.303,0.336,0.471,0.807,666182
67,Cavan Biggio,28,426,Maj-AL,Toronto,110,337,289,54,68,12,0,9,40,39,0,88,7,0,2,0,5,2,0.235,0.338,0.37,0.709,624415
68,Charlie Blackmon,36,426,Maj-NL,Colorado,94,403,350,54,95,23,5,7,38,39,0,53,10,0,4,6,4,1,0.271,0.357,0.426,0.783,453568
69,Dairon Blanco,30,426,Maj-AL,Kansas City,69,138,124,19,32,7,4,3,18,10,0,33,2,2,0,2,24,5,0.258,0.324,0.452,0.775,680118
70,Travis Blankenhorn,26,443,Maj-NL,Washington,10,37,31,2,5,0,0,1,1,6,0,6,0,0,0,0,0,0,0.161,0.297,0.258,0.555,663905
71,JJ Bleday,25,426,Maj-AL,Oakland,82,303,256,35,50,11,0,10,27,42,0,72,2,0,3,3,5,1,0.195,0.31,0.356,0.666,668709
72,Xander Bogaerts,30,426,Maj-NL,San Diego,153,657,589,82,166,29,2,19,57,56,0,108,7,0,5,21,19,2,0.282,0.349,0.435,0.783,593428
73,Alec Bohm,26,426,Maj-NL,Philadelphia,144,607,554,72,150,30,0,19,94,42,1,93,5,0,6,23,4,1,0.271,0.325,0.428,0.752,664761
74,Sean Bouchard,27,426,Maj-NL,Colorado,21,43,38,11,12,2,0,4,7,4,0,14,0,0,1,0,0,1,0.316,0.372,0.684,1.056,656248
75,Jackie Bradley Jr.,33,542,Maj-AL,Kansas City,43,113,105,10,14,5,0,1,6,5,0,29,2,1,0,3,0,0,0.133,0.188,0.21,0.397,598265
76,Michael Brantley,36,426,Maj-AL,Houston,15,57,54,7,15,2,0,2,7,2,0,2,0,0,1,2,0,0,0.278,0.298,0.426,0.724,488726
77,Alex Bregman,29,426,Maj-AL,Houston,159,716,615,102,163,28,4,25,98,91,1,85,8,0,2,22,3,1,0.265,0.366,0.446,0.811,608324
79,Will Brennan,25,426,Maj-AL,Cleveland,137,452,429,41,114,24,0,5,41,16,2,56,5,0,2,4,13,5,0.266,0.299,0.357,0.655,686823
80,Jonah Bride,27,451,Maj-AL,Oakland,39,106,88,9,15,3,0,0,7,11,0,22,4,1,2,3,0,1,0.171,0.286,0.205,0.49,681146
81,Mike Brosseau,29,545,Maj-NL,Milwaukee,29,78,73,4,15,2,0,4,8,4,0,20,1,0,0,2,0,0,0.206,0.256,0.397,0.654,670712
82,Seth Brown,30,429,Maj-AL,Oakland,111,374,339,33,74,18,1,14,52,30,1,101,2,1,2,6,2,1,0.218,0.284,0.401,0.685,664913
83,Vidal Bruj\xc3\xa1n,25,444,Maj-AL,Tampa Bay,37,84,76,14,13,2,0,0,6,5,0,21,2,1,0,1,3,2,0.171,0.241,0.197,0.438,660644
84,Kris Bryant,31,426,Maj-NL,Colorado,78,325,291,34,66,9,0,10,30,28,0,67,6,0,0,6,0,0,0.227,0.308,0.361,0.669,592178
85,Peyton Burdick,26,559,Maj-NL,Miami,14,37,33,4,6,2,0,1,2,3,0,18,1,0,0,0,1,0,0.182,0.27,0.333,0.604,680814
86,Jake Burger,27,427,"Maj-AL,Maj-NL","Chicago,Miami",141,540,492,71,123,28,1,34,80,32,0,149,12,0,4,4,1,1,0.25,0.309,0.518,0.828,669394
87,Alec Burleson,24,438,Maj-NL,St. Louis,107,347,315,34,77,20,1,8,36,23,0,45,3,1,2,13,3,1,0.244,0.3,0.391,0.691,676475
88,Michael Busch,25,450,Maj-NL,Los Angeles,27,81,72,9,12,3,0,2,7,8,0,27,0,0,1,0,1,0,0.167,0.247,0.292,0.539,683737
89,Lawrence Butler,22,426,Maj-AL,Oakland,42,129,123,10,26,4,0,4,10,4,0,35,1,0,1,5,0,0,0.211,0.24,0.342,0.582,671732
90,Byron Buxton,29,487,Maj-AL,Minnesota,84,342,299,48,61,17,0,17,42,35,2,108,4,0,4,3,9,0,0.204,0.292,0.431,0.724,621439
91,Jos\xc3\xa9 Caballero,26,426,Maj-AL,Seattle,104,280,231,37,51,9,1,4,26,28,0,66,17,0,4,0,26,3,0.221,0.343,0.32,0.663,676609
92,Trey Cabbage,26,448,Maj-AL,Los Angeles,22,56,53,5,11,3,0,1,7,2,0,26,0,0,1,1,1,1,0.208,0.232,0.321,0.553,663550
93,Miguel Cabrera,40,426,Maj-AL,Detroit,97,366,330,21,85,19,0,4,34,31,0,74,2,0,3,10,0,0,0.258,0.322,0.352,0.674,408234
94,Oswaldo Cabrera,24,426,Maj-AL,New York,113,326,294,35,63,11,0,5,29,25,1,68,2,3,2,6,8,0,0.214,0.279,0.303,0.581,665828
95,Kole Calhoun,35,427,Maj-AL,Cleveland,43,174,157,18,34,7,0,6,25,13,0,37,2,0,2,3,0,1,0.217,0.282,0.376,0.657,594777
96,Willie Calhoun,28,528,Maj-AL,New York,44,149,134,16,32,7,0,5,16,14,1,20,0,0,1,2,0,0,0.239,0.309,0.403,0.712,641432
97,Alex Call,28,426,Maj-NL,Washington,127,436,373,43,75,14,1,8,37,53,0,77,6,3,1,1,9,8,0.201,0.31,0.308,0.618,669743
98,Johan Camargo,29,466,Maj-NL,San Francisco,8,20,18,0,4,0,0,0,2,1,0,4,1,0,0,2,0,0,0.222,0.3,0.222,0.522,622666
99,Junior Caminero,19,426,Maj-AL,Tampa Bay,7,36,34,4,8,1,0,1,7,2,0,8,0,0,0,2,0,0,0.235,0.278,0.353,0.631,691406
100,Luis Campusano,24,433,Maj-NL,San Diego,49,174,163,27,52,7,0,7,30,7,0,21,3,0,1,8,0,0,0.319,0.356,0.491,0.847,669134
101,Alexander Canario,23,426,Maj-NL,Chicago,6,17,17,1,5,1,1,1,6,0,0,8,0,0,0,0,0,0,0.294,0.294,0.647,0.941,672744
102,Jeimer Candelario,29,426,Maj-NL,"Chicago,Washington",139,572,502,77,127,39,3,22,70,52,1,126,13,0,4,11,8,1,0.253,0.336,0.474,0.81,600869
103,Mark Canha,34,426,Maj-NL,"Milwaukee,New York",137,499,429,51,114,25,1,11,62,48,1,77,16,0,6,11,11,1,0.266,0.357,0.406,0.762,592192
105,Dominic Canzone,25,426,"Maj-AL,Maj-NL","Arizona,Seattle",59,182,173,23,38,13,0,6,21,8,0,32,1,0,0,5,1,0,0.22,0.258,0.399,0.657,686527
106,Conner Capel,26,517,Maj-AL,Oakland,31,83,70,6,19,5,0,0,3,12,0,23,1,0,0,1,5,3,0.271,0.386,0.343,0.728,668843
107,Vinny Capra,26,454,Maj-NL,Pittsburgh,8,21,18,3,3,1,0,0,1,2,0,5,0,1,0,0,0,0,0.167,0.25,0.222,0.472,681962
108,Victor Caratini,29,426,Maj-NL,Milwaukee,62,226,201,23,52,4,0,7,25,19,0,45,3,0,3,8,1,1,0.259,0.327,0.383,0.711,605170
109,Dylan Carlson,24,479,Maj-NL,St. Louis,76,255,219,27,48,8,1,5,27,26,0,49,7,0,3,4,3,0,0.219,0.318,0.333,0.651,666185
110,Kerry Carpenter,25,426,Maj-AL,Detroit,118,459,418,57,116,17,2,20,64,32,3,115,8,0,1,5,6,0,0.278,0.34,0.471,0.811,681481
111,Matt Carpenter,37,447,Maj-NL,San Diego,74,232,184,18,33,12,0,5,30,41,0,66,2,0,5,2,1,0,0.179,0.328,0.326,0.654,572761
112,Corbin Carroll,22,427,Maj-NL,Arizona,153,638,558,116,159,29,10,25,76,57,1,125,13,6,4,7,54,5,0.285,0.362,0.507,0.87,682998
113,Evan Carter,20,426,Maj-AL,Texas,23,75,62,15,19,4,1,5,12,12,1,24,0,0,1,1,3,0,0.307,0.413,0.645,1.059,694497
114,Curt Casali,34,501,Maj-NL,Cincinnati,40,96,80,8,14,2,0,0,6,11,0,23,2,3,0,1,0,0,0.175,0.29,0.2,0.49,592200
115,Triston Casas,23,443,Maj-AL,Boston,131,498,427,66,113,21,2,24,63,69,2,125,1,0,1,7,0,0,0.265,0.368,0.492,0.859,671213
116,Nick Castellanos,31,426,Maj-NL,Philadelphia,156,666,621,77,168,36,2,29,106,36,0,182,3,0,6,17,11,2,0.271,0.311,0.475,0.786,592206
117,Diego Castillo,25,488,Maj-NL,Arizona,1,1,1,0,0,0,0,0,0,0,0,0,0,0,0,0,0,0,0.0,0.0,0.0,0.0,660636
118,Harold Castro,29,431,Maj-NL,Colorado,97,261,249,23,64,13,0,1,31,9,0,64,0,1,2,5,1,0,0.257,0.281,0.321,0.602,605612
119,Rodolfo Castro,24,429,Maj-NL,"Philadelphia,Pittsburgh",91,256,227,21,48,7,0,6,24,23,1,74,5,0,1,4,1,4,0.212,0.297,0.322,0.619,666801
120,Willi Castro,26,426,Maj-AL,Minnesota,124,409,358,60,92,18,5,9,34,34,1,99,12,2,3,5,33,5,0.257,0.339,0.411,0.75,650489
121,Jake Cave,30,426,Maj-NL,Philadelphia,64,199,180,18,39,8,1,5,21,15,0,53,1,1,2,3,3,0,0.217,0.278,0.356,0.633,595909
122,Yu Chang,27,482,Maj-AL,Boston,39,112,105,12,17,2,0,6,18,3,0,34,2,2,0,2,4,0,0.162,0.2,0.352,0.552,644374
123,Matt Chapman,30,427,Maj-AL,Toronto,139,576,504,66,119,39,2,17,53,62,1,164,8,0,2,4,4,1,0.236,0.328,0.423,0.751,656305
124,Michael Chavis,27,426,Maj-NL,Washington,48,96,91,16,22,3,0,2,5,5,0,33,0,0,0,3,1,0,0.242,0.281,0.341,0.622,656308
125,Jazz Chisholm Jr.,25,427,Maj-NL,Miami,95,375,344,49,87,12,2,18,50,26,0,115,2,1,2,4,22,3,0.253,0.308,0.456,0.764,665862
126,Jiman Choi,32,426,Maj-NL,"Pittsburgh,San Diego",39,117,104,12,17,5,0,6,13,10,0,35,1,0,2,2,0,0,0.164,0.239,0.385,0.624,596847
127,Kody Clemens,27,518,Maj-NL,Philadelphia,47,148,139,15,32,7,0,4,13,8,0,40,1,0,0,1,0,0,0.23,0.277,0.367,0.644,665019
128,Ernie Clement,27,438,Maj-AL,Toronto,29,52,50,7,19,1,1,1,10,1,0,4,0,0,1,0,1,0,0.38,0.385,0.5,0.885,676391
129,Oscar Col\xc3\xa1s,24,447,Maj-AL,Chicago,73,257,240,32,52,9,0,5,19,12,1,70,1,2,2,4,4,3,0.217,0.255,0.317,0.572,693049
131,Zack Collins,28,468,Maj-AL,Cleveland,2,6,4,0,2,0,0,0,0,2,0,2,0,0,0,0,0,0,0.5,0.667,0.5,1.167,641470
132,Michael Conforto,30,426,Maj-NL,San Francisco,124,466,402,58,96,14,0,15,58,53,4,104,7,0,4,12,4,0,0.239,0.335,0.386,0.72,624424
133,William Contreras,25,426,Maj-NL,Milwaukee,140,607,536,86,155,38,1,17,78,63,2,123,5,1,2,23,6,1,0.289,0.368,0.459,0.827,661388
134,Willson Contreras,31,437,Maj-NL,St. Louis,124,491,424,53,111,27,0,20,67,51,0,110,13,1,2,12,6,3,0.262,0.357,0.467,0.824,575929
135,Garrett Cooper,32,426,Maj-NL,"Miami,San Diego",121,449,414,41,102,18,0,16,59,31,0,130,2,0,2,14,0,0,0.246,0.301,0.406,0.707,643265
136,Franchy Cordero,28,497,Maj-AL,New York,24,71,69,9,13,2,0,6,13,2,0,25,0,0,0,0,0,0,0.188,0.211,0.478,0.69,614173
137,Carlos Correa,28,439,Maj-AL,Minnesota,134,575,509,60,117,29,2,18,65,59,3,131,4,0,3,30,0,0,0.23,0.313,0.401,0.714,621043
138,Colton Cowser,23,477,Maj-AL,Baltimore,26,77,61,15,7,2,0,0,4,13,0,22,2,0,1,1,1,0,0.115,0.286,0.148,0.433,681297
139,Brandon Crawford,36,426,Maj-NL,San Francisco,92,317,280,31,55,11,1,7,38,28,1,79,4,1,4,5,3,0,0.196,0.275,0.318,0.593,543063
140,J.P. Crawford,28,426,Maj-AL,Seattle,143,631,529,93,141,35,0,19,65,92,1,123,5,3,2,7,2,0,0.267,0.379,0.441,0.82,641487
141,Kutter Crawford,27,592,Maj-AL,Boston,1,0,0,1,0,0,0,0,0,0,0,0,0,0,0,0,0,0,,,,,676710
142,C.J. Cron,33,436,"Maj-AL,Maj-NL","Colorado,Los Angeles",69,269,251,36,59,11,0,10,32,15,0,63,1,0,2,13,0,0,0.235,0.279,0.398,0.677,543068
143,Jake Cronenworth,29,463,Maj-NL,San Diego,125,514,451,54,105,24,7,10,48,46,2,94,11,1,5,8,6,1,0.233,0.316,0.384,0.699,630105
144,Tyler Cropley,27,434,Maj-AL,Kansas City,2,7,6,0,1,0,0,0,1,0,0,2,0,0,1,0,0,0,0.167,0.143,0.167,0.31,680418
145,Pete Crow-Armstrong,21,426,Maj-NL,Chicago,13,19,14,3,0,0,0,0,1,3,0,7,0,2,0,0,2,2,0.0,0.177,0.0,0.177,691718
146,Nelson Cruz,42,516,Maj-NL,San Diego,48,148,139,9,35,5,1,5,23,6,1,45,2,0,1,2,1,0,0.252,0.291,0.41,0.701,443558
147,Oneil Cruz,24,601,Maj-NL,Pittsburgh,8,35,30,5,7,1,0,0,2,5,0,8,0,0,0,0,3,0,0.233,0.343,0.267,0.61,665833
148,Charlie Culberson,34,503,Maj-NL,Atlanta,1,1,1,0,1,0,0,0,0,0,0,0,0,0,0,0,0,0,1.0,1.0,1.0,2.0,518586
149,Travis d\'Arnaud,34,426,Maj-NL,Atlanta,73,287,262,29,56,12,0,11,37,21,0,66,3,0,1,6,0,0,0.214,0.279,0.386,0.664,518595
150,David Dahl,29,606,Maj-NL,San Diego,3,5,5,1,1,0,0,1,1,0,0,0,0,0,0,0,0,0,0.2,0.2,0.8,1.0,621311
151,Bobby Dalbec,28,426,Maj-AL,Boston,20,53,49,6,10,2,0,1,1,4,0,28,0,0,0,0,1,0,0.204,0.264,0.306,0.57,666915
152,Henry Davis,23,426,Maj-NL,Pittsburgh,62,255,225,27,48,10,0,7,24,25,2,69,4,0,1,3,3,5,0.213,0.302,0.351,0.653,680779
153,J.D. Davis,30,431,Maj-NL,San Francisco,143,544,478,61,119,23,1,18,69,52,0,150,6,0,6,16,1,0,0.249,0.327,0.414,0.741,605204
154,Jonathan Davis,31,515,Maj-NL,Miami,34,104,90,22,22,4,1,2,10,7,0,29,2,2,2,1,1,2,0.244,0.307,0.378,0.685,641505
155,Yonathan Daza,29,578,Maj-NL,Colorado,22,70,64,7,17,6,0,0,7,3,0,9,1,1,1,5,0,0,0.266,0.304,0.359,0.664,602074
157,Bryan De La Cruz,26,426,Maj-NL,Miami,151,623,576,60,149,32,0,19,78,40,0,140,1,0,5,18,4,1,0.259,0.306,0.413,0.719,650559
158,Elly De La Cruz,21,426,Maj-NL,Cincinnati,98,427,388,67,91,15,7,13,44,35,3,144,2,1,1,6,35,8,0.235,0.301,0.41,0.71,682829
159,Paul DeJong,29,437,"Maj-AL,Maj-NL","San Francisco,St. Louis,Toronto",112,400,372,41,77,13,0,14,38,21,0,121,5,0,2,10,4,4,0.207,0.258,0.355,0.612,657557
160,Jason Delay,28,426,Maj-NL,Pittsburgh,70,187,167,20,42,11,1,1,18,14,0,44,3,2,1,5,0,0,0.252,0.319,0.347,0.666,641511
161,Jonny DeLuca,24,494,Maj-NL,Los Angeles,24,45,42,5,11,1,0,2,6,3,0,8,0,0,0,0,1,0,0.262,0.311,0.429,0.74,676356
162,Rafael Devers,26,426,Maj-AL,Boston,152,651,575,88,155,33,0,33,99,62,10,124,11,0,3,15,5,1,0.27,0.35,0.499,0.849,646240
163,Aledmys D\xc3\xadaz,32,427,Maj-AL,Oakland,108,340,312,25,70,20,1,4,23,16,2,65,7,1,4,14,1,0,0.224,0.274,0.333,0.608,649557
164,Elias D\xc3\xadaz,32,426,Maj-NL,Colorado,139,517,478,48,129,25,1,14,72,33,0,114,2,0,4,12,1,0,0.27,0.317,0.414,0.731,553869
165,Isan D\xc3\xadaz,27,473,"Maj-AL,Maj-NL","Detroit,San Francisco",8,26,24,0,1,0,0,0,1,2,0,9,0,0,0,0,0,0,0.042,0.115,0.042,0.157,656371
166,Jordan Diaz,22,426,Maj-AL,Oakland,90,293,272,20,60,9,0,10,27,17,0,69,3,0,1,10,0,1,0.221,0.273,0.364,0.637,672478
167,Yainer Diaz,24,426,Maj-AL,Houston,103,373,351,51,100,22,0,23,60,11,0,72,5,0,6,12,0,0,0.285,0.311,0.544,0.855,673237
168,Yandy D\xc3\xadaz,31,427,Maj-AL,Tampa Bay,136,597,523,95,173,35,0,22,78,64,0,93,8,0,2,16,0,1,0.331,0.41,0.524,0.934,650490
169,Corey Dickerson,34,486,Maj-NL,Washington,49,151,143,12,36,7,1,2,17,7,0,28,0,0,1,3,0,1,0.252,0.285,0.357,0.641,572816
170,Brandon Dixon,31,503,Maj-NL,San Diego,33,86,79,10,16,4,0,2,9,1,0,31,4,0,2,1,1,0,0.203,0.244,0.329,0.573,641525
171,Jasson Dom\xc3\xadnguez,20,448,Maj-AL,New York,8,33,31,6,8,1,0,4,7,2,0,8,0,0,0,1,1,0,0.258,0.303,0.677,0.98,691176
172,Josh Donaldson,37,426,"Maj-AL,Maj-NL","Milwaukee,New York",49,185,161,17,24,5,0,13,26,22,0,48,0,0,2,6,0,0,0.149,0.249,0.422,0.671,518626
173,Brendan Donovan,26,490,Maj-NL,St. Louis,94,365,321,45,90,10,1,10,32,33,2,53,9,1,1,4,5,1,0.28,0.363,0.411,0.774,680977
174,Jeter Downs,24,469,Maj-NL,Washington,6,9,5,4,2,0,0,0,1,4,0,1,0,0,0,0,2,0,0.4,0.667,0.4,1.067,669023
175,Brenton Doyle,25,426,Maj-NL,Colorado,126,431,399,48,81,16,5,10,48,22,0,151,4,3,3,9,22,5,0.203,0.25,0.343,0.593,686668
176,Hunter Dozier,31,561,Maj-AL,Kansas City,28,88,79,8,15,2,1,2,9,8,0,27,0,0,1,0,2,0,0.19,0.261,0.317,0.578,641531
177,Brandon Drury,30,426,Maj-AL,Los Angeles,124,519,481,61,127,30,3,26,83,25,0,135,8,0,5,14,0,2,0.264,0.308,0.501,0.809,592273
178,Mauricio Dub\xc3\xb3n,28,426,Maj-AL,Houston,131,489,464,76,130,26,3,10,46,19,0,70,3,0,3,9,7,2,0.28,0.311,0.414,0.725,643289
179,Matt Duffy,32,426,Maj-AL,Kansas City,78,209,191,17,48,8,0,2,16,12,0,39,4,0,2,4,1,0,0.251,0.306,0.325,0.631,622110
180,Ezequiel Duran,24,428,Maj-AL,Texas,122,439,406,55,112,22,2,14,46,23,1,120,7,1,2,7,8,4,0.276,0.324,0.443,0.768,677649
181,Jarren Duran,26,468,Maj-AL,Boston,101,362,332,46,98,34,2,8,40,24,1,90,3,0,2,3,24,2,0.295,0.346,0.482,0.828,680776
183,Adam Duvall,34,427,Maj-AL,Boston,91,348,316,44,78,24,2,21,57,22,1,108,5,0,5,0,4,0,0.247,0.302,0.535,0.837,594807
184,Nate Eaton,26,526,Maj-AL,Kansas City,28,56,53,2,4,0,0,0,1,2,0,21,1,0,0,0,3,0,0.076,0.125,0.076,0.201,681987
185,Cam Eden,25,426,Maj-AL,Toronto,5,6,6,1,1,0,0,0,0,0,0,2,0,0,0,0,0,0,0.167,0.167,0.167,0.333,686490
186,Tommy Edman,28,426,Maj-NL,St. Louis,136,523,474,68,117,25,4,13,47,35,1,83,7,3,4,9,27,4,0.247,0.306,0.399,0.705,669242
187,Xavier Edwards,23,426,Maj-NL,Miami,30,84,78,12,23,3,0,0,3,3,0,14,1,2,0,1,5,0,0.295,0.329,0.333,0.663,669364
188,Drew Ellis,27,503,Maj-NL,Philadelphia,12,29,23,4,5,0,0,2,4,6,0,7,0,0,0,0,0,1,0.217,0.379,0.478,0.858,656403
189,Christian Encarnacion-Strand,23,426,Maj-NL,Cincinnati,63,241,222,29,60,7,0,13,37,14,0,69,5,0,0,5,2,0,0.27,0.328,0.478,0.805,687952
190,Adam Engel,31,561,Maj-NL,San Diego,5,6,6,0,0,0,0,0,0,0,0,2,0,0,0,0,0,1,0.0,0.0,0.0,0.0,641553
191,Eduardo Escobar,34,426,"Maj-AL,Maj-NL","Los Angeles,New York",97,302,281,31,64,6,5,6,31,18,0,75,0,1,2,7,2,1,0.228,0.272,0.349,0.621,500871
192,Santiago Espinal,28,426,Maj-AL,Toronto,93,254,230,30,57,14,0,2,25,18,1,36,3,2,1,5,2,1,0.248,0.31,0.335,0.644,669289
193,Thairo Estrada,27,426,Maj-NL,San Francisco,119,526,491,63,132,26,2,14,49,22,1,119,11,0,2,10,22,7,0.269,0.314,0.416,0.729,642731
194,Stuart Fairchild,27,426,Maj-NL,Cincinnati,96,255,219,34,50,16,2,5,28,25,0,69,6,3,2,2,10,2,0.228,0.321,0.388,0.71,656413
195,Kyle Farmer,32,426,Maj-AL,Minnesota,119,367,335,49,85,14,2,11,46,22,0,86,8,0,2,7,2,4,0.254,0.313,0.406,0.719,571657
196,Freddy Fermin,28,449,Maj-AL,Kansas City,70,235,217,26,61,10,1,9,32,13,0,50,1,1,3,11,0,0,0.281,0.321,0.461,0.781,666023
197,Jos\xc3\xa9 Ferm\xc3\xadn,24,426,Maj-NL,St. Louis,21,61,51,2,12,1,0,0,4,6,0,8,2,2,0,1,0,1,0.235,0.339,0.255,0.594,665877
198,Tyler Fitzgerald,25,426,Maj-NL,San Francisco,10,34,32,3,7,2,0,2,5,2,0,10,0,0,0,0,2,0,0.219,0.265,0.469,0.734,666149
199,David Fletcher,29,426,Maj-AL,Los Angeles,33,97,89,7,22,1,0,2,12,7,1,9,0,1,0,2,0,0,0.247,0.302,0.326,0.628,664058
200,Dominic Fletcher,25,513,Maj-NL,Arizona,28,102,93,10,28,5,1,2,14,7,1,22,0,2,0,0,0,2,0.301,0.35,0.441,0.791,666150
201,Wilmer Flores,31,427,Maj-NL,San Francisco,125,450,402,51,115,22,0,23,60,40,1,62,5,0,3,12,0,0,0.286,0.356,0.512,0.868,527038
202,Estevan Florial,25,426,Maj-AL,New York,18,71,61,5,14,3,1,0,8,7,0,20,2,0,1,0,3,0,0.23,0.324,0.312,0.635,664314
203,Mike Ford,30,426,Maj-AL,Seattle,83,251,219,32,50,6,0,16,34,24,0,81,7,0,1,4,0,0,0.228,0.323,0.475,0.798,645801
204,Nick Fortes,26,426,Maj-NL,Miami,107,320,291,33,59,10,0,6,26,17,0,59,7,3,2,12,4,2,0.203,0.262,0.299,0.561,663743
205,Jake Fraley,28,430,Maj-NL,Cincinnati,110,375,332,40,84,18,0,15,65,36,2,70,6,0,1,5,21,5,0.253,0.336,0.443,0.779,641584
206,Ty France,28,426,Maj-AL,Seattle,156,657,580,77,143,31,0,11,55,42,0,117,34,0,1,25,1,0,0.247,0.333,0.357,0.69,664034
207,Wander Franco,22,476,Maj-AL,Tampa Bay,111,487,438,64,122,23,6,16,57,42,3,69,3,0,4,18,30,10,0.279,0.343,0.468,0.811,677551
209,Adam Frazier,31,426,Maj-AL,Baltimore,140,450,408,56,97,19,2,13,60,31,0,67,4,4,2,4,10,4,0.238,0.297,0.39,0.686,624428
210,Clint Frazier,28,517,Maj-AL,Chicago,33,76,66,10,13,1,1,0,3,10,0,23,0,0,0,0,4,2,0.197,0.303,0.242,0.545,640449
211,Freddie Freeman,33,426,Maj-NL,Los Angeles,159,720,628,130,209,59,2,29,102,71,12,119,16,0,5,14,23,1,0.333,0.411,0.572,0.983,518692
212,Tyler Freeman,24,426,Maj-AL,Cleveland,64,168,153,20,37,7,0,4,18,10,0,30,2,2,1,3,5,0,0.242,0.295,0.366,0.661,671289
213,Sal Frelick,23,426,Maj-NL,Milwaukee,57,223,191,29,47,9,1,3,24,28,0,37,1,0,3,2,7,0,0.246,0.341,0.351,0.692,686217
214,TJ Friedl,27,427,Maj-NL,Cincinnati,137,551,484,73,136,22,8,18,66,46,1,87,10,8,3,0,27,6,0.281,0.354,0.471,0.825,670770
215,David Fry,27,433,Maj-AL,Cleveland,57,113,101,12,24,6,0,4,15,8,0,30,4,0,0,3,2,0,0.238,0.319,0.416,0.734,681807
216,Michael Fulmer,30,516,Maj-NL,Chicago,1,1,1,0,0,0,0,0,0,0,0,1,0,0,0,0,0,0,0.0,0.0,0.0,0.0,605242
217,Cam Gallagher,30,427,Maj-AL,Cleveland,56,149,143,6,18,6,0,0,7,4,0,46,1,0,1,3,0,0,0.126,0.154,0.168,0.322,595956
218,Joey Gallo,29,452,Maj-AL,Minnesota,110,330,280,39,49,9,1,21,40,48,1,141,2,0,0,3,1,1,0.175,0.3,0.439,0.739,608336
219,Ben Gamel,31,458,Maj-NL,San Diego,6,15,15,2,3,1,0,0,2,0,0,2,0,0,0,0,0,0,0.2,0.2,0.267,0.467,592325
220,Adolis Garc\xc3\xada,30,426,Maj-AL,Texas,147,628,551,107,134,29,0,39,105,65,0,174,6,0,6,12,9,1,0.243,0.326,0.508,0.835,666969
221,Avisa\xc3\xadl Garc\xc3\xada,32,466,Maj-NL,Miami,35,111,102,8,20,3,1,3,12,5,1,38,2,0,0,1,2,0,0.196,0.248,0.333,0.581,541645
222,Luis Garc\xc3\xada Jr.,23,426,Maj-NL,Washington,121,478,443,61,119,18,4,9,50,27,1,59,0,1,7,10,9,4,0.269,0.306,0.388,0.694,671277
223,Maikel Garcia,23,426,Maj-AL,Kansas City,123,515,464,59,126,20,4,4,50,38,0,115,2,1,10,9,23,7,0.272,0.323,0.358,0.681,672580
224,Kyle Garlick,31,540,Maj-AL,Minnesota,14,30,28,2,5,1,0,2,4,2,0,11,0,0,0,0,0,0,0.179,0.233,0.429,0.662,664247
225,Stone Garrett,27,465,Maj-NL,Washington,89,271,234,40,63,17,0,9,40,26,0,82,3,0,5,6,3,1,0.269,0.343,0.457,0.801,656448
226,Mitch Garver,32,426,Maj-AL,Texas,87,344,296,45,80,11,0,19,50,44,1,82,3,0,0,6,0,0,0.27,0.37,0.5,0.87,641598
227,Zack Gelof,23,426,Maj-AL,Oakland,69,300,270,40,72,20,1,14,32,26,1,82,3,0,1,5,14,2,0.267,0.337,0.504,0.84,680869
228,Andr\xc3\xa9s Gim\xc3\xa9nez,24,427,Maj-AL,Cleveland,151,608,550,73,138,27,5,15,62,31,3,111,20,4,3,10,29,6,0.251,0.313,0.4,0.713,665926
229,Paul Goldschmidt,35,427,Maj-NL,St. Louis,153,682,589,88,157,30,0,25,79,86,6,160,3,0,3,12,10,2,0.267,0.361,0.445,0.806,502671
230,Yan Gomes,35,427,Maj-NL,Chicago,115,415,378,44,102,20,2,10,62,21,1,81,9,0,7,8,1,0,0.27,0.318,0.413,0.731,543228
231,Nick Gonzales,24,426,Maj-NL,Pittsburgh,35,128,115,12,24,8,1,2,13,6,0,36,4,1,2,0,0,1,0.209,0.268,0.348,0.616,693304
232,Oscar Gonz\xc3\xa1lez,25,426,Maj-AL,Cleveland,53,175,168,14,35,7,2,2,12,5,0,46,1,0,1,2,0,0,0.208,0.234,0.31,0.544,660757
233,Romy Gonzalez,26,532,Maj-AL,Chicago,43,95,91,11,17,4,2,3,14,2,0,36,0,1,1,0,7,0,0.187,0.202,0.374,0.576,663853
235,Hunter Goodman,23,427,Maj-NL,Colorado,23,77,70,6,14,4,3,1,17,5,0,24,0,0,2,2,1,0,0.2,0.247,0.386,0.633,696100
236,Nick Gordon,27,563,Maj-AL,Minnesota,33,91,89,13,16,5,1,2,7,1,0,11,0,1,0,1,0,0,0.18,0.189,0.326,0.515,624503
237,Nolan Gorman,23,445,Maj-NL,St. Louis,118,459,403,59,95,17,0,27,76,51,0,146,3,0,2,5,7,2,0.236,0.325,0.479,0.804,669357
238,Yasmani Grandal,34,426,Maj-AL,Chicago,116,397,355,32,83,14,0,7,32,36,1,84,4,0,2,11,0,0,0.234,0.31,0.332,0.642,518735
239,Tristan Gray,27,440,Maj-AL,Tampa Bay,2,5,5,1,2,0,0,1,1,0,0,0,0,0,0,0,0,0,0.4,0.4,1.0,1.4,656484
240,Riley Greene,22,456,Maj-AL,Detroit,98,412,375,51,108,19,4,11,37,34,0,114,1,0,2,7,7,0,0.288,0.347,0.448,0.795,682985
241,Randal Grichuk,31,426,"Maj-AL,Maj-NL","Colorado,Los Angeles",118,471,434,65,116,31,2,16,44,29,2,96,6,0,2,11,2,2,0.267,0.321,0.459,0.779,545341
242,Trent Grisham,26,426,Maj-NL,San Diego,151,548,463,66,92,30,1,13,50,74,0,153,5,4,1,7,15,3,0.199,0.315,0.352,0.667,663757
243,Vaughn Grissom,22,465,Maj-NL,Atlanta,23,80,75,5,21,3,1,0,9,2,0,15,2,0,1,2,0,1,0.28,0.313,0.347,0.659,687093
244,Robbie Grossman,33,427,Maj-AL,Texas,114,416,350,55,83,23,1,9,46,56,0,97,2,0,8,8,1,0,0.237,0.339,0.386,0.725,543257
245,Vladimir Guerrero Jr.,24,427,Maj-AL,Toronto,155,676,598,78,157,30,0,26,91,67,5,100,8,0,3,23,5,3,0.263,0.343,0.443,0.786,665489
246,Luis Guillorme,28,427,Maj-NL,New York,53,119,106,12,24,6,1,1,9,10,1,28,0,2,1,4,0,0,0.226,0.291,0.33,0.621,641645
247,Lourdes Gurriel Jr.,29,426,Maj-NL,Arizona,143,584,543,65,142,35,2,24,82,33,1,101,6,0,2,19,5,0,0.262,0.31,0.466,0.776,666971
248,Yuli Gurriel,39,426,Maj-NL,Miami,108,327,296,32,73,16,3,4,28,26,3,44,1,0,4,13,4,0,0.247,0.306,0.362,0.667,493329
249,Dalton Guthrie,27,536,Maj-NL,Philadelphia,23,28,24,4,4,1,0,0,0,3,0,7,1,0,0,0,0,0,0.167,0.286,0.208,0.494,656495
250,Eric Haase,30,458,Maj-AL,"Cleveland,Detroit",88,289,270,22,55,8,1,4,26,17,1,81,0,1,1,11,4,1,0.204,0.25,0.285,0.535,606992
251,Sam Haggerty,29,427,Maj-AL,Seattle,52,108,91,13,23,3,1,1,5,15,0,17,1,1,0,0,10,1,0.253,0.365,0.341,0.705,664059
252,Darick Hall,27,499,Maj-NL,Philadelphia,17,51,50,2,9,1,0,1,2,1,0,18,0,0,0,2,0,0,0.18,0.196,0.26,0.456,669742
253,Billy Hamilton,32,576,Maj-AL,Chicago,3,2,2,2,0,0,0,0,0,0,0,1,0,0,0,0,2,0,0.0,0.0,0.0,0.0,571740
254,Caleb Hamilton,28,518,Maj-AL,Boston,4,6,5,0,0,0,0,0,0,1,0,5,0,0,0,0,0,0,0.0,0.167,0.0,0.167,643348
255,David Hamilton,25,459,Maj-AL,Boston,15,39,33,2,4,2,0,0,0,6,0,10,0,0,0,1,2,1,0.121,0.256,0.182,0.438,666152
256,Garrett Hampson,28,426,Maj-NL,Miami,98,252,221,30,61,12,1,3,23,23,0,67,3,3,2,3,5,0,0.276,0.349,0.38,0.73,641658
257,Mitch Haniger,32,432,Maj-NL,San Francisco,61,229,211,27,44,13,1,6,28,15,0,65,2,0,1,7,1,0,0.209,0.266,0.365,0.631,571745
258,Ian Happ,28,427,Maj-NL,Chicago,157,687,578,85,143,35,4,21,84,97,2,152,6,0,6,12,14,3,0.247,0.358,0.431,0.789,664023
259,Bryce Harper,30,427,Maj-NL,Philadelphia,126,546,457,84,134,29,1,21,72,80,8,119,5,0,4,10,11,3,0.293,0.401,0.499,0.9,547180
261,Michael Harris II,22,426,Maj-NL,Atlanta,137,534,501,74,147,33,3,18,57,24,1,100,5,1,3,8,20,4,0.293,0.33,0.479,0.809,671739
262,Josh Harrison,35,489,Maj-NL,Philadelphia,40,114,103,8,21,3,0,2,10,3,0,20,6,0,2,2,0,0,0.204,0.263,0.291,0.555,543281
263,Adam Haseley,27,520,Maj-AL,Chicago,28,39,36,6,8,2,0,0,2,3,0,8,0,0,0,1,1,0,0.222,0.282,0.278,0.56,656514
264,Ke\'Bryan Hayes,26,427,Maj-NL,Pittsburgh,123,521,490,65,134,31,7,15,61,28,1,102,0,0,3,11,10,6,0.274,0.311,0.457,0.768,663647
265,Austin Hays,27,428,Maj-AL,Baltimore,143,561,515,76,143,36,2,16,67,38,1,139,3,0,5,10,5,1,0.278,0.328,0.449,0.777,669720
266,Austin Hedges,30,428,"Maj-AL,Maj-NL","Pittsburgh,Texas",80,208,183,13,34,5,0,1,16,10,0,46,2,9,3,7,1,0,0.186,0.232,0.23,0.462,595978
267,Jonah Heim,28,426,Maj-AL,Texas,130,497,453,59,116,27,0,18,93,40,2,96,1,0,3,10,2,0,0.256,0.316,0.435,0.751,641680
268,Tyler Heineman,32,426,"Maj-AL,Maj-NL","Pittsburgh,Toronto",22,47,38,5,9,1,1,0,3,8,0,8,1,0,0,0,1,0,0.237,0.383,0.316,0.699,623168
269,Gunnar Henderson,22,426,Maj-AL,Baltimore,149,617,557,99,143,29,9,28,82,54,1,157,3,0,3,10,10,3,0.257,0.324,0.492,0.816,683002
270,David Hensley,27,469,Maj-AL,Houston,29,90,81,12,8,1,0,1,2,9,0,34,0,0,0,0,0,0,0.099,0.189,0.148,0.337,682073
271,Enrique Hern\xc3\xa1ndez,31,426,"Maj-AL,Maj-NL","Boston,Los Angeles",139,505,462,57,110,23,0,11,61,34,1,96,3,0,6,17,4,1,0.238,0.291,0.359,0.65,571771
272,Teoscar Hern\xc3\xa1ndez,30,427,Maj-AL,Seattle,158,670,617,70,161,29,2,26,93,38,2,206,8,0,7,6,7,2,0.261,0.309,0.441,0.75,606192
273,Yonny Hern\xc3\xa1ndez,25,493,Maj-NL,Los Angeles,13,27,22,5,3,1,0,0,4,2,0,8,1,1,1,0,0,0,0.136,0.231,0.182,0.413,660634
274,Iv\xc3\xa1n Herrera,23,427,Maj-NL,St. Louis,13,44,37,6,11,2,0,0,4,5,0,11,2,0,0,1,0,0,0.297,0.409,0.351,0.761,671056
275,Jos\xc3\xa9 Herrera,26,445,Maj-NL,Arizona,41,120,101,15,21,5,0,0,7,13,0,30,0,5,1,2,1,0,0.208,0.296,0.257,0.553,645444
276,Jason Heyward,33,427,Maj-NL,Los Angeles,124,377,334,56,90,23,0,15,40,34,1,64,3,0,3,7,2,2,0.27,0.34,0.473,0.813,518792
277,Aaron Hicks,33,427,Maj-AL,"Baltimore,New York",93,312,269,44,68,9,1,8,36,42,1,69,0,0,1,3,6,0,0.253,0.353,0.383,0.736,543305
278,Kyle Higashioka,33,426,Maj-AL,New York,92,260,242,24,57,13,0,10,34,14,0,74,0,1,3,5,0,0,0.236,0.274,0.413,0.687,543309
279,Derek Hill,27,515,Maj-NL,Washington,13,50,47,3,8,1,0,0,1,3,0,11,0,0,0,0,1,0,0.17,0.22,0.192,0.412,656537
280,Sam Hilliard,29,501,Maj-NL,Atlanta,39,77,72,14,17,5,0,3,6,5,0,33,0,0,0,1,3,0,0.236,0.286,0.431,0.716,656541
281,Nico Hoerner,26,428,Maj-NL,Chicago,149,684,615,97,174,27,4,9,68,49,0,83,14,1,5,12,43,7,0.283,0.347,0.384,0.731,663538
282,TJ Hopkins,26,460,Maj-NL,Cincinnati,25,44,41,7,7,0,0,0,1,2,0,17,1,0,0,1,1,0,0.171,0.227,0.171,0.398,686759
283,Spencer Horwitz,25,436,Maj-AL,Toronto,15,44,39,5,10,2,0,1,7,4,0,12,1,0,0,1,0,0,0.256,0.341,0.385,0.726,687462
284,Eric Hosmer,33,564,Maj-NL,Chicago,30,96,90,7,22,3,0,2,14,6,0,25,0,0,0,5,0,0,0.244,0.292,0.344,0.636,543333
285,Sam Huff,25,440,Maj-AL,Texas,21,45,43,5,11,2,0,3,6,2,0,17,0,0,0,1,0,0,0.256,0.289,0.512,0.801,669087
287,Cooper Hummel,28,592,Maj-AL,Seattle,9,22,20,1,2,1,0,0,0,2,0,7,0,0,0,1,0,0,0.1,0.182,0.15,0.332,669450
288,Andy Ib\xc3\xa1\xc3\xb1ez,30,426,Maj-AL,Detroit,114,383,356,42,94,23,2,11,41,24,0,69,1,1,1,7,1,0,0.264,0.312,0.433,0.744,628451
289,Jonathan India,26,427,Maj-NL,Cincinnati,118,524,450,76,109,22,0,17,61,51,0,108,16,0,7,13,14,2,0.242,0.336,0.404,0.74,663697
290,Kyle Isbel,26,428,Maj-AL,Kansas City,90,310,290,45,69,21,2,5,34,16,0,59,1,1,2,5,7,1,0.238,0.278,0.376,0.654,664728
291,Travis Jankowski,32,428,Maj-AL,Texas,107,287,247,34,65,12,1,1,30,35,0,42,2,1,2,6,19,1,0.263,0.357,0.332,0.689,608671
292,Danny Jansen,28,456,Maj-AL,Toronto,86,301,268,38,61,15,0,17,53,23,1,62,10,0,0,3,0,0,0.228,0.312,0.474,0.786,643376
293,Ryan Jeffers,26,426,Maj-AL,Minnesota,96,335,286,46,79,15,2,14,43,33,1,93,10,4,2,6,3,2,0.276,0.369,0.49,0.858,680777
294,Eloy Jim\xc3\xa9nez,26,427,Maj-AL,Chicago,118,480,447,49,122,21,0,18,62,30,2,90,1,0,2,13,0,0,0.273,0.319,0.441,0.76,650391
295,Connor Joe,30,426,Maj-NL,Pittsburgh,133,472,413,63,102,31,4,11,42,50,0,110,8,0,1,4,3,5,0.247,0.339,0.421,0.76,656582
296,Bryce Johnson,27,517,Maj-NL,San Francisco,30,48,43,7,7,1,0,1,3,4,0,15,0,0,1,0,3,0,0.163,0.229,0.256,0.485,669369
297,Jahmai Jones,25,494,Maj-NL,Milwaukee,7,11,10,2,2,1,0,0,3,1,0,5,0,0,0,0,1,0,0.2,0.273,0.3,0.573,663330
298,Nolan Jones,25,426,Maj-NL,Colorado,106,424,367,60,109,22,4,20,62,53,3,126,3,0,1,1,20,4,0.297,0.389,0.542,0.931,666134
299,Aaron Judge,31,427,Maj-AL,New York,105,454,363,78,96,16,0,36,73,88,9,128,0,0,3,5,3,1,0.265,0.405,0.606,1.011,592450
300,Edouard Julien,24,426,Maj-AL,Minnesota,108,408,338,60,89,16,1,16,37,64,0,128,2,1,3,8,3,0,0.263,0.381,0.459,0.839,666397
301,Corey Julks,27,460,Maj-AL,Houston,92,319,294,35,72,14,0,6,33,22,0,73,1,0,2,6,15,3,0.245,0.298,0.354,0.652,667452
302,Josh Jung,25,426,Maj-AL,Texas,121,511,475,74,127,25,1,23,70,29,0,149,5,0,2,7,1,3,0.267,0.315,0.47,0.785,673962
303,Connor Kaiser,26,528,Maj-NL,Colorado,3,4,4,0,0,0,0,0,0,0,0,2,0,0,0,0,0,0,0.0,0.0,0.0,0.0,663731
304,Jarred Kelenic,23,426,Maj-AL,Seattle,103,409,365,44,92,24,2,11,49,41,4,128,1,0,2,6,12,5,0.252,0.328,0.419,0.747,672284
305,Carson Kelly,28,427,"Maj-AL,Maj-NL","Arizona,Detroit",50,151,136,13,28,5,0,2,13,14,0,40,0,0,1,2,1,0,0.206,0.278,0.287,0.565,608348
306,Tony Kemp,31,433,Maj-AL,Oakland,123,415,356,41,74,12,3,5,26,43,0,39,6,7,3,9,15,4,0.208,0.302,0.301,0.602,643393
307,Buddy Kennedy,24,458,Maj-NL,Arizona,10,29,24,1,4,1,0,0,1,4,0,6,1,0,0,0,0,0,0.167,0.31,0.208,0.519,671083
308,Max Kepler,30,426,Maj-AL,Minnesota,128,486,433,72,114,22,2,24,66,45,0,105,4,0,4,9,1,1,0.263,0.335,0.49,0.825,596146
309,Grae Kessinger,25,426,Maj-AL,Houston,26,45,40,3,8,2,0,1,1,5,0,12,0,0,0,0,0,1,0.2,0.289,0.325,0.614,666197
310,Carter Kieboom,25,426,Maj-NL,Washington,27,94,87,12,18,2,0,4,11,6,0,27,1,0,0,2,0,0,0.207,0.266,0.368,0.634,666198
311,Kevin Kiermaier,33,427,Maj-AL,Toronto,128,403,365,57,96,21,6,8,36,29,0,85,4,1,4,9,14,1,0.263,0.321,0.419,0.74,595281
313,Ha-Seong Kim,27,426,Maj-NL,San Diego,150,619,531,83,136,21,0,17,60,75,1,124,3,5,5,6,38,9,0.256,0.349,0.392,0.74,673490
314,Isiah Kiner-Falefa,28,426,Maj-AL,New York,113,361,326,39,79,12,1,6,37,28,0,70,3,1,3,12,14,5,0.242,0.306,0.341,0.646,643396
315,Alex Kirilloff,25,426,Maj-AL,Minnesota,88,319,281,35,76,14,1,11,41,28,1,80,7,0,3,2,1,0,0.271,0.348,0.445,0.793,666135
316,Alejandro Kirk,24,427,Maj-AL,Toronto,122,417,367,34,92,16,0,8,41,42,1,44,6,0,2,21,0,0,0.251,0.336,0.36,0.695,672386
317,Heston Kjerstad,24,426,Maj-AL,Baltimore,13,33,30,3,7,1,0,2,3,2,0,10,0,0,0,0,0,0,0.233,0.281,0.467,0.748,677008
318,Andrew Knizner,28,426,Maj-NL,St. Louis,69,240,223,30,54,11,0,10,31,12,0,62,3,1,1,8,2,0,0.242,0.289,0.426,0.715,668800
319,Taylor Kohlwey,28,491,Maj-NL,San Diego,5,13,13,0,2,0,0,0,0,0,0,5,0,0,0,0,0,0,0.154,0.154,0.154,0.308,670128
320,Mark Kolozsvary,27,536,Maj-AL,Baltimore,1,0,0,0,0,0,0,0,0,0,0,0,0,0,0,0,0,0,,,,,656627
321,Ryan Kreidler,25,596,Maj-AL,Detroit,10,15,15,2,2,0,0,0,0,0,0,5,0,0,0,0,0,0,0.133,0.133,0.133,0.267,668952
322,Steven Kwan,25,426,Maj-AL,Cleveland,156,708,630,93,169,35,7,5,49,69,2,73,3,1,5,9,21,3,0.268,0.341,0.37,0.711,680757
323,Tommy La Stella,34,580,Maj-AL,Seattle,11,21,18,2,4,1,0,0,2,3,0,5,0,0,0,0,0,0,0.222,0.333,0.278,0.611,600303
324,Jake Lamb,32,574,Maj-AL,Los Angeles,18,54,51,7,11,1,0,2,5,3,0,15,0,0,0,1,0,0,0.216,0.259,0.353,0.612,571875
325,Shea Langeliers,25,427,Maj-AL,Oakland,134,487,446,52,92,19,4,22,63,33,2,143,5,1,2,10,3,2,0.206,0.268,0.415,0.682,669127
326,Trevor Larnach,26,426,Maj-AL,Minnesota,57,207,179,25,37,7,3,8,39,26,1,70,0,0,2,2,1,1,0.207,0.304,0.413,0.718,663616
327,Ram\xc3\xb3n Laureano,28,426,Maj-AL,"Cleveland,Oakland",104,400,357,46,81,18,4,9,35,33,0,111,9,0,1,8,12,1,0.227,0.308,0.375,0.683,657656
328,Jordan Lawlar,20,426,Maj-NL,Arizona,14,34,31,2,4,0,0,0,0,2,0,11,1,0,0,0,1,1,0.129,0.206,0.129,0.335,691783
329,Korey Lee,24,426,Maj-AL,Chicago,24,70,65,4,5,1,0,1,3,5,0,20,0,0,0,0,0,0,0.077,0.143,0.139,0.281,686676
330,DJ LeMahieu,34,426,Maj-AL,New York,135,558,493,55,120,22,3,15,43,60,2,122,3,0,2,14,2,2,0.243,0.328,0.392,0.72,518934
331,Sandy Le\xc3\xb3n,34,536,Maj-AL,Texas,21,44,41,4,6,2,0,0,4,1,0,20,1,1,0,2,0,0,0.146,0.186,0.195,0.381,506702
332,Josh Lester,28,526,Maj-AL,Baltimore,11,23,22,0,4,0,0,0,4,1,0,7,0,0,0,1,0,0,0.182,0.217,0.182,0.399,623507
333,Kyle Lewis,27,469,Maj-NL,Arizona,14,49,46,1,7,2,0,0,0,3,0,18,0,0,0,0,0,0,0.152,0.204,0.196,0.4,641786
334,Royce Lewis,24,438,Maj-AL,Minnesota,58,239,217,36,67,7,0,15,52,20,0,55,2,0,0,5,6,1,0.309,0.372,0.548,0.921,668904
335,Francisco Lindor,29,426,Maj-NL,New York,158,678,596,108,152,33,2,31,97,64,1,134,12,0,6,8,31,4,0.255,0.336,0.473,0.81,596019
336,Andre Lipcius,25,429,Maj-AL,Detroit,13,38,35,3,10,1,0,1,4,3,0,8,0,0,0,1,0,0,0.286,0.342,0.4,0.742,686531
337,Tim Locastro,30,426,Maj-NL,New York,42,67,56,13,13,3,0,2,3,3,0,22,6,2,0,0,6,0,0.232,0.339,0.393,0.731,641796
339,Nick Loftin,24,428,Maj-AL,Kansas City,19,68,62,10,20,5,1,0,10,4,0,12,1,0,1,0,2,0,0.323,0.368,0.436,0.803,679845
340,Evan Longoria,37,426,Maj-NL,Arizona,72,233,207,24,46,8,0,11,28,23,0,73,0,0,3,7,0,0,0.222,0.296,0.42,0.716,446334
341,Alejo L\xc3\xb3pez,27,448,Maj-NL,Cincinnati,1,2,2,1,1,1,0,0,1,0,0,1,0,0,0,0,0,0,0.5,0.5,1.0,1.5,664670
342,Irving Lopez,28,426,Maj-NL,St. Louis,5,12,11,0,0,0,0,0,1,0,0,5,0,0,1,0,0,0,0.0,0.0,0.0,0.0,676761
343,Nicky Lopez,28,426,"Maj-AL,Maj-NL","Atlanta,Kansas City",93,262,225,32,52,8,3,1,25,26,0,40,6,4,1,3,6,2,0.231,0.326,0.307,0.632,670032
344,Brandon Lowe,28,436,Maj-AL,Tampa Bay,108,433,375,58,87,15,1,21,68,49,0,117,6,0,3,8,7,0,0.232,0.328,0.445,0.773,664040
345,Josh Lowe,25,426,Maj-AL,Tampa Bay,135,501,466,71,136,33,2,20,83,31,2,124,1,0,3,6,32,3,0.292,0.335,0.5,0.835,666139
346,Nathaniel Lowe,27,426,Maj-AL,Texas,160,720,620,88,162,38,3,17,81,92,2,165,5,0,3,22,1,0,0.261,0.36,0.415,0.774,663993
347,Marco Luciano,21,426,Maj-NL,San Francisco,14,45,39,4,9,3,0,0,0,6,0,17,0,0,0,0,1,0,0.231,0.333,0.308,0.641,682617
348,Nathan Lukes,28,444,Maj-AL,Toronto,28,31,26,3,5,1,1,0,2,4,0,9,0,0,1,1,0,0,0.192,0.29,0.308,0.598,664770
349,Jordan Luplow,29,426,Maj-AL,"Minnesota,Toronto",39,90,77,11,16,3,0,2,5,12,1,27,1,0,0,1,2,0,0.208,0.322,0.325,0.647,656669
350,Manny Machado,30,428,Maj-NL,San Diego,136,593,536,75,138,21,0,30,90,50,1,107,2,0,5,19,3,2,0.258,0.32,0.465,0.785,592518
351,Nick Madrigal,26,441,Maj-NL,Chicago,91,294,270,34,71,16,1,2,28,10,0,24,9,5,0,3,10,2,0.263,0.311,0.352,0.663,663611
352,Bligh Madris,27,496,Maj-AL,Houston,11,30,26,4,4,1,0,0,0,4,0,7,0,0,0,0,0,0,0.154,0.267,0.192,0.459,676632
353,Drew Maggi,34,581,Maj-NL,Pittsburgh,3,6,6,1,2,1,0,0,1,0,0,1,0,0,0,0,0,0,0.333,0.333,0.5,0.833,543482
354,Luke Maile,32,426,Maj-NL,Cincinnati,74,199,179,17,42,10,0,6,25,14,0,49,5,1,0,8,2,1,0.235,0.308,0.391,0.699,571912
355,Mart\xc3\xadn Maldonado,36,426,Maj-AL,Houston,114,400,356,32,68,12,0,15,36,29,0,138,3,12,0,9,0,0,0.191,0.258,0.351,0.609,455117
356,Trey Mancini,31,488,Maj-NL,Chicago,78,259,232,31,54,12,0,4,27,21,1,77,1,0,3,5,0,0,0.233,0.296,0.336,0.632,641820
357,Tucupita Marcano,23,495,Maj-NL,Pittsburgh,75,220,202,16,47,12,2,3,18,10,0,35,3,3,2,2,5,2,0.233,0.277,0.356,0.633,672779
358,Manuel Margot,28,426,Maj-AL,Tampa Bay,98,333,308,39,82,21,1,4,38,18,0,54,4,0,3,5,9,3,0.266,0.312,0.38,0.692,622534
359,Jake Marisnick,32,501,"Maj-AL,Maj-NL","Chicago,Detroit,Los Angeles",46,83,76,10,18,3,2,2,10,3,0,21,2,1,1,4,2,3,0.237,0.281,0.408,0.688,545350
360,Cade Marlowe,26,449,Maj-AL,Seattle,34,100,88,14,21,3,2,3,11,12,0,33,0,0,0,1,4,2,0.239,0.33,0.421,0.751,687799
361,Brandon Marsh,25,426,Maj-NL,Philadelphia,132,468,400,57,110,24,5,12,59,59,2,143,4,1,4,4,10,2,0.275,0.37,0.45,0.82,669016
362,Ketel Marte,29,427,Maj-NL,Arizona,148,642,562,93,156,26,9,25,82,71,2,109,4,0,5,16,8,2,0.278,0.36,0.489,0.849,606466
363,Noelvi Marte,21,426,Maj-NL,Cincinnati,34,123,114,15,36,7,0,3,15,8,0,25,1,0,0,1,6,2,0.316,0.366,0.456,0.822,682622
365,Starling Marte,34,483,Maj-NL,New York,84,332,307,37,74,7,1,5,28,15,1,69,8,2,0,8,22,3,0.241,0.294,0.319,0.613,516782
366,J.D. Martinez,35,426,Maj-NL,Los Angeles,110,471,424,61,116,27,2,33,102,34,1,145,2,0,9,11,1,0,0.274,0.324,0.58,0.904,502110
367,J.P. Mart\xc3\xadnez,27,452,Maj-AL,Texas,17,44,40,7,9,1,0,1,4,2,0,16,0,0,2,0,0,0,0.225,0.25,0.325,0.575,679881
368,Nick Martini,33,426,Maj-NL,Cincinnati,29,79,72,10,19,3,1,6,16,5,0,15,2,0,0,1,0,0,0.264,0.329,0.583,0.912,605361
369,Michael Massey,25,426,Maj-AL,Kansas City,128,457,424,42,98,18,1,15,55,24,0,97,4,1,4,3,6,2,0.231,0.276,0.384,0.661,686681
370,Miles Mastrobuoni,27,426,Maj-NL,Chicago,59,146,130,23,32,5,0,1,5,13,0,31,0,3,0,1,13,1,0.246,0.315,0.308,0.622,670156
371,Jorge Mateo,28,426,Maj-AL,Baltimore,115,345,315,56,67,14,2,7,33,21,0,82,1,4,3,8,30,5,0.213,0.262,0.337,0.598,622761
372,Mark Mathias,28,475,Maj-NL,"Pittsburgh,San Francisco",27,72,62,6,14,2,0,0,6,10,0,15,0,0,0,4,3,0,0.226,0.333,0.258,0.591,664029
373,Nick Maton,26,470,Maj-AL,Detroit,92,292,248,29,43,9,0,8,32,38,1,73,3,1,2,4,1,2,0.173,0.289,0.307,0.595,665155
374,Luis Matos,21,427,Maj-NL,San Francisco,76,253,228,24,57,13,1,2,14,20,0,33,3,2,0,3,3,0,0.25,0.319,0.342,0.661,682641
375,Ronny Mauricio,22,426,Maj-NL,New York,26,108,101,11,25,4,0,2,9,7,0,31,0,0,0,2,7,0,0.248,0.296,0.347,0.643,677595
376,James McCann,33,426,Maj-AL,Baltimore,69,226,207,25,46,14,0,6,26,9,0,57,5,3,2,5,3,1,0.222,0.269,0.377,0.646,543510
377,Jake McCarthy,25,426,Maj-NL,Arizona,97,305,269,37,67,7,5,2,16,26,0,60,5,4,1,4,26,4,0.249,0.326,0.335,0.66,664983
378,Chas McCormick,28,426,Maj-AL,Houston,115,457,403,59,110,17,2,22,70,40,0,117,11,1,2,3,19,6,0.273,0.353,0.489,0.842,676801
379,Mason McCoy,28,452,Maj-AL,Toronto,6,1,1,2,0,0,0,0,0,0,0,1,0,0,0,0,0,0,0.0,0.0,0.0,0.0,669200
380,Andrew McCutchen,36,453,Maj-NL,Pittsburgh,111,468,388,55,99,19,0,12,42,72,1,100,4,0,4,8,11,3,0.255,0.374,0.397,0.771,457705
381,Reese McGuire,28,426,Maj-AL,Boston,71,204,185,15,49,12,1,1,16,11,0,53,1,2,1,2,2,1,0.265,0.308,0.357,0.665,624512
382,Ryan McKenna,26,433,Maj-AL,Baltimore,87,139,122,23,31,7,0,2,18,9,0,40,3,3,2,4,5,0,0.254,0.316,0.361,0.677,663630
383,Billy McKinney,28,468,Maj-AL,New York,48,147,128,19,29,3,1,6,14,17,1,39,1,0,1,1,1,0,0.227,0.32,0.406,0.726,641856
384,Zach McKinstry,28,427,Maj-AL,Detroit,147,517,463,60,107,21,4,9,35,44,0,113,5,2,3,3,16,6,0.231,0.303,0.352,0.655,656716
385,Matt McLain,23,461,Maj-NL,Cincinnati,89,403,365,65,106,23,4,16,50,31,0,115,7,0,0,5,14,5,0.29,0.357,0.507,0.864,680574
386,Ryan McMahon,28,426,Maj-NL,Colorado,150,618,546,80,132,30,3,23,69,68,2,196,1,0,3,18,4,5,0.242,0.325,0.434,0.759,641857
387,Jeff McNeil,31,430,Maj-NL,New York,154,640,577,75,156,25,4,10,54,39,0,64,18,3,3,4,10,0,0.27,0.334,0.38,0.714,643446
388,Curtis Mead,22,426,Maj-AL,Tampa Bay,24,92,83,12,21,3,1,1,5,7,0,21,2,0,0,3,0,0,0.253,0.326,0.349,0.676,678554
389,Austin Meadows,28,604,Maj-AL,Detroit,5,17,17,0,2,0,0,0,2,0,0,3,0,0,0,0,0,0,0.118,0.118,0.118,0.235,640457
391,Parker Meadows,23,426,Maj-AL,Detroit,37,145,125,19,29,4,2,3,13,17,1,37,2,0,1,0,8,1,0.232,0.331,0.368,0.699,678009
392,Wade Meckler,23,452,Maj-NL,San Francisco,20,64,56,6,13,1,0,0,4,6,0,25,2,0,0,0,0,0,0.232,0.328,0.25,0.578,685133
393,Francisco Mejia,27,499,Maj-AL,Tampa Bay,50,160,150,22,34,11,0,5,19,6,0,38,1,1,2,2,0,1,0.227,0.258,0.4,0.658,642336
394,MJ Melendez,24,426,Maj-AL,Kansas City,147,598,530,65,125,29,5,16,56,61,2,169,3,0,4,2,6,4,0.236,0.316,0.4,0.716,669004
395,Danny Mendick,29,427,Maj-NL,New York,33,69,65,4,12,3,0,1,4,4,0,15,0,0,0,1,1,0,0.185,0.232,0.277,0.509,664901
396,Joey Meneses,31,426,Maj-NL,Washington,153,652,606,71,166,36,1,13,88,38,0,130,5,0,3,14,0,0,0.274,0.321,0.401,0.722,608841
397,\xc3\x93scar Mercado,28,518,Maj-NL,St. Louis,20,32,31,3,9,3,0,0,5,1,0,4,0,0,0,0,2,1,0.29,0.313,0.387,0.7,640458
398,Whit Merrifield,34,426,Maj-AL,Toronto,144,587,544,65,149,27,0,11,67,34,2,99,3,0,6,15,26,10,0.274,0.317,0.384,0.701,593160
399,Matt Mervis,25,535,Maj-NL,Chicago,27,99,90,8,15,2,0,3,11,8,0,32,1,0,0,1,0,0,0.167,0.242,0.289,0.531,670223
400,Jake Meyers,27,426,Maj-AL,Houston,110,334,303,42,70,16,1,10,33,25,0,84,5,0,1,1,5,2,0.231,0.299,0.389,0.689,676694
401,Drew Millas,25,426,Maj-NL,Washington,11,33,28,1,8,2,0,1,6,4,0,5,0,1,0,2,0,0,0.286,0.375,0.464,0.839,686452
402,Brad Miller,33,487,Maj-AL,Texas,26,63,52,7,11,4,0,0,4,10,0,9,0,0,1,1,0,0,0.212,0.333,0.289,0.622,543543
403,Owen Miller,26,448,Maj-NL,Milwaukee,90,314,291,29,76,17,0,5,27,17,1,61,2,0,4,6,13,2,0.261,0.303,0.371,0.674,680911
404,Shelby Miller,32,579,Maj-NL,Los Angeles,1,1,1,0,0,0,0,0,0,0,0,0,0,0,0,0,0,0,0.0,0.0,0.0,0.0,571946
405,Jos\xc3\xa9 Miranda,25,510,Maj-AL,Minnesota,39,147,139,12,30,4,0,3,13,7,0,24,1,0,0,8,0,0,0.216,0.259,0.309,0.568,669304
406,Calvin Mitchell,24,528,Maj-NL,Pittsburgh,2,5,4,0,0,0,0,0,0,1,0,1,0,0,0,0,0,0,0.0,0.2,0.0,0.2,668751
407,Garrett Mitchell,24,426,Maj-NL,Milwaukee,18,69,61,10,16,2,1,3,7,7,0,24,0,0,1,0,1,1,0.262,0.333,0.475,0.809,669003
408,Andruw Monasterio,26,426,Maj-NL,Milwaukee,92,315,282,38,73,14,1,3,27,28,0,66,3,0,2,9,7,2,0.259,0.33,0.348,0.678,655316
409,Yo\xc3\xa1n Moncada,28,427,Maj-AL,Chicago,90,348,325,39,83,19,1,11,39,20,0,104,2,0,1,6,1,0,0.255,0.302,0.422,0.723,660162
410,Mickey Moniak,25,427,Maj-AL,Los Angeles,85,323,311,35,87,21,2,14,45,9,1,113,3,0,0,4,6,3,0.28,0.307,0.495,0.802,666160
411,Elehuris Montero,24,426,Maj-NL,Colorado,83,298,275,39,65,15,2,10,37,15,0,106,5,0,3,5,0,0,0.236,0.285,0.415,0.7,660707
412,Coco Montes,26,517,Maj-NL,Colorado,18,41,38,3,7,2,0,1,3,2,0,12,1,0,0,0,0,0,0.184,0.244,0.316,0.56,663796
413,Dylan Moore,30,426,Maj-AL,Seattle,67,165,145,18,30,9,1,7,19,16,0,56,4,0,0,1,7,3,0.207,0.303,0.428,0.731,664238
414,Christopher Morel,24,426,Maj-NL,Chicago,107,429,388,62,96,17,3,26,70,36,0,133,2,1,2,7,6,2,0.247,0.313,0.508,0.821,666624
415,Gabriel Moreno,23,427,Maj-NL,Arizona,109,373,335,33,96,19,1,7,49,29,0,73,3,0,6,17,6,2,0.287,0.343,0.412,0.755,672515
417,Taylor Motter,33,458,Maj-NL,St. Louis,29,82,76,3,13,3,0,0,2,5,0,31,1,0,0,0,0,0,0.171,0.232,0.211,0.442,600301
418,Ryan Mountcastle,26,426,Maj-AL,Baltimore,114,464,419,64,113,20,1,18,67,35,1,107,3,0,7,13,3,1,0.27,0.325,0.451,0.777,663624
419,Mike Moustakas,34,427,"Maj-AL,Maj-NL","Colorado,Los Angeles",112,386,352,43,87,15,0,12,48,23,1,95,3,0,8,7,0,0,0.247,0.293,0.392,0.685,519058
420,Cedric Mullins,28,426,Maj-AL,Baltimore,115,449,400,49,93,23,3,15,73,41,1,100,1,3,4,6,17,3,0.233,0.303,0.418,0.72,656775
421,Max Muncy,32,426,Maj-NL,Los Angeles,133,569,472,95,101,17,1,36,105,85,4,148,6,0,6,8,1,2,0.214,0.337,0.483,0.821,571970
422,Sean Murphy,28,427,Maj-NL,Atlanta,107,433,365,65,93,21,0,21,68,49,0,97,18,0,1,17,0,0,0.255,0.37,0.485,0.854,669221
423,Tom Murphy,32,475,Maj-AL,Seattle,47,159,145,19,42,12,0,8,17,10,0,44,1,0,2,4,0,0,0.29,0.335,0.538,0.873,608596
424,Dane Myers,27,441,Maj-NL,Miami,22,70,67,9,18,3,0,1,9,2,0,19,0,0,1,1,1,1,0.269,0.286,0.358,0.644,667472
425,Wil Myers,32,557,Maj-NL,Cincinnati,35,137,124,11,23,3,0,3,12,11,0,46,0,1,1,3,2,1,0.186,0.25,0.282,0.532,571976
426,Tyler Naquin,32,426,Maj-AL,Chicago,4,8,8,0,0,0,0,0,0,0,0,7,0,0,0,0,0,0,0.0,0.0,0.0,0.0,571980
427,Omar Narv\xc3\xa1ez,31,427,Maj-NL,New York,47,142,125,11,26,5,0,2,7,13,0,27,0,1,3,1,0,0,0.208,0.277,0.296,0.573,553882
428,Bo Naylor,23,426,Maj-AL,Cleveland,67,230,198,33,47,13,0,11,32,30,1,53,1,0,1,2,5,0,0.237,0.339,0.47,0.809,666310
429,Josh Naylor,26,426,Maj-AL,Cleveland,119,487,444,52,137,31,0,17,96,33,9,66,3,0,7,11,10,3,0.309,0.355,0.493,0.848,647304
430,Zach Neto,22,426,Maj-AL,Los Angeles,84,329,289,38,65,17,0,9,34,20,0,77,16,1,3,5,5,1,0.225,0.308,0.377,0.685,687263
431,Tyler Nevin,26,426,Maj-AL,Detroit,41,111,95,11,19,3,1,2,10,12,0,25,3,0,1,1,0,1,0.2,0.306,0.316,0.622,663527
432,Kevin Newman,29,473,Maj-NL,Cincinnati,74,253,225,28,57,16,0,3,28,17,0,34,4,2,5,7,8,1,0.253,0.311,0.364,0.675,621028
433,Tom\xc3\xa1s Nido,29,546,Maj-NL,New York,21,59,54,5,7,0,0,0,1,2,0,16,0,2,1,2,0,0,0.13,0.158,0.13,0.288,621512
434,Brandon Nimmo,30,429,Maj-NL,New York,150,673,586,88,161,29,6,24,65,72,0,146,11,1,3,6,3,3,0.275,0.363,0.468,0.831,607043
435,Ryan Noda,27,426,Maj-AL,Oakland,127,495,406,63,93,22,1,16,54,77,1,170,10,0,2,4,3,1,0.229,0.364,0.406,0.77,676116
436,Austin Nola,33,504,Maj-NL,San Diego,50,147,124,9,18,3,0,1,8,17,0,30,2,4,0,4,0,0,0.145,0.259,0.194,0.452,543592
437,Lars Nootbaar,25,426,Maj-NL,St. Louis,116,497,422,73,110,23,1,14,46,70,2,98,1,1,3,7,11,1,0.261,0.365,0.419,0.784,663457
438,Ryan O\'Hearn,29,426,Maj-AL,Baltimore,112,368,346,48,100,22,1,14,60,15,2,82,3,1,3,2,5,1,0.289,0.322,0.48,0.801,656811
439,Logan O\'Hoppe,23,426,Maj-AL,Los Angeles,50,196,179,23,42,6,0,14,28,14,0,48,2,0,1,4,0,1,0.235,0.296,0.503,0.799,681351
440,Brian O\'Keefe,29,446,Maj-AL,Seattle,8,21,19,0,2,2,0,0,2,2,0,7,0,0,0,2,0,0,0.105,0.191,0.211,0.401,657247
441,Tyler O\'Neill,28,441,Maj-NL,St. Louis,71,261,234,26,54,14,0,8,19,27,0,66,0,0,0,5,5,0,0.231,0.31,0.393,0.704,641933
443,Rougned Odor,29,503,Maj-NL,San Diego,59,157,138,21,28,9,0,4,18,17,0,37,2,0,0,2,2,1,0.203,0.299,0.355,0.655,596059
444,Shohei Ohtani,28,454,Maj-AL,Los Angeles,134,595,494,102,150,26,8,44,95,90,20,141,3,0,3,9,20,6,0.304,0.412,0.656,1.068,660271
445,Chris Okey,28,566,Maj-AL,Los Angeles,2,2,2,0,0,0,0,0,0,0,0,2,0,0,0,0,0,0,0.0,0.0,0.0,0.0,608360
446,Edward Olivares,27,426,Maj-AL,Kansas City,106,382,352,47,93,23,4,12,36,22,1,64,6,0,2,7,11,5,0.264,0.317,0.455,0.771,658668
447,Matt Olson,29,426,Maj-NL,Atlanta,161,715,603,126,170,26,3,54,139,104,8,165,4,0,4,13,1,0,0.282,0.389,0.604,0.992,621566
448,Jonathan Ornelas,23,440,Maj-AL,Texas,8,8,7,2,1,0,0,0,0,0,0,4,1,0,0,0,0,0,0.143,0.25,0.143,0.393,680716
449,Rafael Ortega,32,426,Maj-NL,New York,47,136,114,16,25,3,0,1,8,20,0,33,1,1,0,0,6,1,0.219,0.341,0.272,0.613,542364
450,Joey Ortiz,24,526,Maj-AL,Baltimore,15,34,33,4,7,1,0,0,4,0,0,9,0,0,1,2,0,0,0.212,0.206,0.242,0.448,687401
451,James Outman,26,426,Maj-NL,Los Angeles,149,559,477,83,118,16,3,22,68,66,1,178,12,0,4,4,16,3,0.247,0.351,0.432,0.783,681546
452,Chris Owings,31,549,Maj-NL,Pittsburgh,10,25,25,0,4,0,0,0,0,0,0,12,0,0,0,1,0,0,0.16,0.16,0.16,0.32,572008
453,Marcell Ozuna,32,426,Maj-NL,Atlanta,143,588,526,84,145,29,1,40,100,57,1,134,3,0,2,9,0,0,0.276,0.349,0.563,0.911,542303
454,Cristian Pache,24,426,Maj-NL,Philadelphia,48,95,84,12,20,7,1,2,11,10,0,27,0,1,0,1,2,3,0.238,0.319,0.417,0.736,665506
455,Kevin Padlo,26,525,Maj-AL,Los Angeles,3,8,8,1,1,1,0,0,0,0,0,0,0,0,0,1,0,0,0.125,0.125,0.25,0.375,656821
456,Joshua Palacios,27,426,Maj-NL,Pittsburgh,91,264,247,26,59,9,2,10,40,12,0,56,2,2,1,7,5,0,0.239,0.279,0.413,0.692,641943
457,Richie Palacios,26,426,Maj-NL,St. Louis,32,102,93,9,24,6,0,6,16,6,0,11,1,1,1,1,2,0,0.258,0.307,0.516,0.823,680700
458,Isaac Paredes,24,426,Maj-AL,Tampa Bay,142,567,488,70,122,24,0,31,98,58,0,104,20,0,1,11,1,0,0.25,0.353,0.49,0.843,670623
459,Kyren Paris,21,441,Maj-AL,Los Angeles,15,46,40,4,4,0,0,0,1,4,0,17,1,1,0,0,3,0,0.1,0.2,0.1,0.3,677347
460,Vinnie Pasquantino,25,540,Maj-AL,Kansas City,60,256,228,24,57,17,0,9,26,24,2,30,2,0,1,7,0,0,0.25,0.326,0.443,0.769,686469
461,Joc Pederson,31,426,Maj-NL,San Francisco,120,421,355,59,84,14,3,15,51,56,6,86,7,0,3,12,0,0,0.237,0.349,0.42,0.769,592626
462,Liover Peguero,22,426,Maj-NL,Pittsburgh,59,213,198,21,47,4,1,7,26,11,0,67,1,2,1,6,6,2,0.237,0.28,0.374,0.653,678894
463,Jeremy Pe\xc3\xb1a,25,426,Maj-AL,Houston,148,626,570,80,150,32,3,10,52,43,1,126,8,1,1,11,12,8,0.263,0.323,0.383,0.706,665161
464,David Peralta,35,426,Maj-NL,Los Angeles,131,414,387,47,99,25,1,7,54,19,1,72,2,0,6,8,4,0,0.256,0.29,0.38,0.67,444482
465,Oswald Peraza,23,426,Maj-AL,New York,52,191,173,15,33,8,0,2,14,13,0,50,5,0,0,1,4,3,0.191,0.267,0.272,0.539,672724
466,Geraldo Perdomo,23,426,Maj-NL,Arizona,143,493,406,71,100,20,4,6,47,63,1,85,6,14,4,2,16,4,0.246,0.353,0.36,0.712,672695
467,Everson Pereira,22,426,Maj-AL,New York,27,103,93,6,14,4,0,0,10,8,0,40,2,0,0,1,4,0,0.151,0.233,0.194,0.427,677592
469,Carlos P\xc3\xa9rez,32,427,Maj-AL,Oakland,66,189,168,17,38,4,0,6,20,13,0,40,4,1,3,4,0,0,0.226,0.293,0.357,0.65,542208
470,Carlos P\xc3\xa9rez,26,426,Maj-AL,Chicago,27,53,49,5,10,4,0,1,3,4,0,11,0,0,0,2,0,0,0.204,0.264,0.347,0.611,656024
471,Michael P\xc3\xa9rez,30,426,Maj-NL,New York,3,8,8,1,4,1,0,0,0,0,0,1,0,0,0,0,0,0,0.5,0.5,0.625,1.125,605421
472,Roberto P\xc3\xa9rez,34,603,Maj-NL,San Francisco,4,15,13,0,1,0,0,0,1,2,0,5,0,0,0,0,0,0,0.077,0.2,0.077,0.277,547379
473,Salvador Perez,33,426,Maj-AL,Kansas City,139,576,534,59,136,21,0,23,80,19,6,134,13,0,8,11,0,0,0.255,0.293,0.423,0.716,521692
474,Blake Perkins,26,426,Maj-NL,Milwaukee,67,168,143,28,31,7,0,4,20,23,0,46,0,2,0,3,5,2,0.217,0.325,0.35,0.675,663368
475,Jace Peterson,33,426,"Maj-AL,Maj-NL","Arizona,Oakland",132,427,371,35,79,10,4,6,37,47,2,100,4,2,3,7,15,2,0.213,0.306,0.31,0.616,607054
476,Tommy Pham,35,427,Maj-NL,"Arizona,New York",127,477,422,55,109,27,3,16,68,47,1,105,2,0,6,11,22,3,0.258,0.331,0.45,0.781,502054
477,Brett Phillips,29,426,Maj-AL,Los Angeles,38,71,63,9,11,1,0,3,6,8,0,36,0,0,0,0,3,1,0.175,0.268,0.333,0.601,621433
478,Kevin Pillar,34,426,Maj-NL,Atlanta,81,206,197,29,45,10,0,9,32,6,0,50,0,0,3,2,4,1,0.228,0.248,0.416,0.664,607680
479,Manny Pi\xc3\xb1a,36,510,Maj-AL,Oakland,4,12,12,1,3,0,0,1,1,0,0,3,0,0,0,1,0,0,0.25,0.25,0.5,0.75,444489
480,Ren\xc3\xa9 Pinto,26,426,Maj-AL,Tampa Bay,38,105,103,10,26,3,0,6,16,2,0,34,0,0,0,2,0,0,0.252,0.267,0.456,0.723,650907
481,Jorge Polanco,29,428,Maj-AL,Minnesota,80,343,302,38,77,18,0,14,48,36,0,88,2,0,3,2,4,0,0.255,0.335,0.454,0.789,593871
482,AJ Pollock,35,480,"Maj-AL,Maj-NL","San Francisco,Seattle",54,144,133,15,22,4,0,5,15,9,0,32,0,0,2,1,0,1,0.165,0.215,0.308,0.524,572041
483,Logan Porter,27,427,Maj-AL,Kansas City,11,38,31,4,6,1,0,1,3,5,0,11,1,1,0,2,0,0,0.194,0.324,0.323,0.647,682515
484,Nick Pratto,24,426,Maj-AL,Kansas City,95,345,306,33,71,16,0,7,35,29,0,138,6,0,4,3,1,1,0.232,0.307,0.353,0.66,668472
485,Jurickson Profar,30,426,Maj-NL,"Colorado,San Diego",125,521,459,55,111,27,2,9,46,50,0,90,6,0,5,11,1,0,0.242,0.321,0.368,0.689,595777
486,Juniel Querecuto,30,426,Maj-NL,St. Louis,9,21,20,2,2,1,0,0,0,1,0,6,0,0,0,0,0,0,0.1,0.143,0.15,0.293,578570
487,Ceddanne Rafaela,22,426,Maj-AL,Boston,28,89,83,11,20,6,0,2,5,4,0,28,1,0,1,2,3,1,0.241,0.281,0.386,0.666,678882
488,Cal Raleigh,26,426,Maj-AL,Seattle,143,561,505,78,117,22,1,30,73,54,1,158,1,0,1,6,0,0,0.232,0.307,0.457,0.764,663728
489,Luke Raley,28,437,Maj-AL,Tampa Bay,117,404,355,56,88,23,3,19,48,28,0,128,18,1,2,2,14,3,0.248,0.333,0.49,0.823,670042
490,Harold Ram\xc3\xadrez,28,426,Maj-AL,Tampa Bay,121,432,398,58,125,19,2,12,68,22,0,78,6,0,6,7,5,3,0.314,0.354,0.462,0.817,623912
491,Jos\xc3\xa9 Ram\xc3\xadrez,30,426,Maj-AL,Cleveland,154,681,602,86,170,34,5,24,80,72,22,72,1,0,6,8,28,6,0.282,0.357,0.475,0.832,608070
492,Heliot Ramos,23,427,Maj-NL,San Francisco,25,60,56,5,10,4,0,1,2,4,0,20,0,0,0,1,0,0,0.179,0.233,0.304,0.537,671218
493,Henry Ramos,31,469,Maj-NL,Cincinnati,23,86,74,9,18,3,1,0,5,11,0,21,1,0,0,2,2,1,0.243,0.349,0.311,0.66,592656
495,J.T. Realmuto,32,427,Maj-NL,Philadelphia,134,535,484,69,120,27,4,20,63,35,3,137,9,0,5,10,15,5,0.248,0.308,0.444,0.752,592663
496,Rob Refsnyder,32,426,Maj-AL,Boston,87,243,202,31,50,9,1,1,28,33,0,47,5,1,1,8,7,2,0.248,0.365,0.317,0.682,608701
497,Zach Remillard,29,426,Maj-AL,Chicago,54,160,147,16,37,7,0,1,18,8,1,48,1,4,0,3,4,3,0.252,0.295,0.32,0.615,621545
498,Anthony Rendon,33,515,Maj-AL,Los Angeles,42,179,145,23,35,6,0,2,22,24,0,25,6,0,4,6,2,0,0.241,0.363,0.324,0.687,543685
499,Hunter Renfroe,31,440,"Maj-AL,Maj-NL","Cincinnati,Los Angeles",139,544,494,60,116,31,0,20,60,44,0,124,3,0,3,15,0,0,0.235,0.3,0.419,0.719,592669
500,Luis Rengifo,26,450,Maj-AL,Los Angeles,125,441,391,55,104,15,4,16,51,40,0,82,6,0,4,3,6,4,0.266,0.34,0.448,0.788,650859
501,Franmil Reyes,27,580,Maj-AL,Kansas City,18,61,55,5,11,0,0,2,7,4,0,21,0,0,2,3,0,0,0.2,0.246,0.309,0.555,614177
502,Pablo Reyes,29,426,Maj-AL,Boston,64,185,167,27,48,9,0,2,20,14,0,21,0,2,2,3,7,2,0.287,0.339,0.377,0.716,622569
503,Bryan Reynolds,28,427,Maj-NL,Pittsburgh,144,635,570,85,150,31,5,24,83,52,2,137,7,0,6,13,12,1,0.263,0.329,0.461,0.791,668804
504,Matt Reynolds,32,578,Maj-NL,Cincinnati,2,5,5,1,1,0,0,0,0,0,0,3,0,0,0,0,0,0,0.2,0.2,0.2,0.4,608703
505,Austin Riley,26,426,Maj-NL,Atlanta,158,710,634,117,179,32,3,37,96,56,4,171,9,0,11,18,3,1,0.282,0.344,0.517,0.861,663586
506,Edwin R\xc3\xados,29,546,Maj-NL,Chicago,18,34,28,3,2,1,0,1,2,5,0,16,1,0,0,0,0,0,0.071,0.235,0.214,0.45,621458
507,Alfonso Rivas III,26,426,Maj-NL,"Pittsburgh,San Diego",48,123,109,8,25,10,1,3,15,9,0,36,3,1,1,1,1,0,0.229,0.303,0.422,0.725,663845
508,Emmanuel Rivera,27,426,Maj-NL,Arizona,86,283,257,32,67,13,0,4,29,22,0,56,0,0,4,9,1,0,0.261,0.315,0.358,0.673,656896
509,Anthony Rizzo,33,487,Maj-AL,New York,98,417,369,45,90,14,0,12,41,35,1,96,12,0,1,10,0,3,0.244,0.329,0.379,0.708,519203
510,Luis Robert Jr.,25,433,Maj-AL,Chicago,143,585,537,89,141,36,1,38,80,30,5,167,12,0,2,10,20,4,0.263,0.315,0.546,0.861,673357
511,V\xc3\xadctor Robles,26,529,Maj-NL,Washington,35,122,105,14,31,5,1,0,8,9,0,18,4,4,0,3,8,1,0.295,0.373,0.362,0.735,645302
512,Brayan Rocchio,22,426,Maj-AL,Cleveland,23,86,81,9,20,6,0,0,8,4,0,27,0,0,1,4,0,0,0.247,0.279,0.321,0.6,677587
513,Brendan Rodgers,26,426,Maj-NL,Colorado,46,192,178,21,46,9,1,4,20,11,0,41,3,0,0,6,0,0,0.258,0.313,0.388,0.7,663898
514,Endy Rodr\xc3\xadguez,23,427,Maj-NL,Pittsburgh,57,204,186,27,41,7,2,3,13,17,0,49,0,0,1,3,0,0,0.22,0.284,0.328,0.612,682848
515,Jos\xc3\xa9 Rodriguez,22,529,Maj-AL,Chicago,1,0,0,1,0,0,0,0,0,0,0,0,0,0,0,0,0,0,,,,,679563
516,Julio Rodr\xc3\xadguez,22,426,Maj-AL,Seattle,153,705,645,101,178,35,2,32,102,47,6,172,11,0,2,14,37,10,0.276,0.335,0.485,0.82,677594
517,Jake Rogers,28,426,Maj-AL,Detroit,107,365,331,47,73,11,0,21,49,28,0,118,3,1,2,6,1,1,0.221,0.286,0.444,0.73,668670
518,Johan Rojas,22,426,Maj-NL,Philadelphia,59,164,149,24,45,9,2,2,23,5,0,42,4,6,0,1,14,1,0.302,0.342,0.43,0.771,679032
519,Josh Rojas,29,426,"Maj-AL,Maj-NL","Arizona,Seattle",104,347,311,47,77,17,0,4,40,27,0,81,1,2,4,3,12,0,0.248,0.306,0.341,0.647,668942
521,Miguel Rojas,34,428,Maj-NL,Los Angeles,122,415,377,48,89,15,1,5,31,26,0,46,5,2,5,12,8,3,0.236,0.291,0.321,0.612,500743
522,Brent Rooker,28,426,Maj-AL,Oakland,136,525,462,61,114,20,1,30,69,49,1,171,10,0,4,11,4,0,0.247,0.33,0.489,0.819,667670
523,Ben Rortvedt,25,430,Maj-AL,New York,32,79,68,6,8,1,0,2,4,11,0,19,0,0,0,1,0,0,0.118,0.241,0.221,0.461,666163
524,Amed Rosario,27,426,"Maj-AL,Maj-NL","Cleveland,Los Angeles",140,535,500,70,131,25,8,6,57,29,0,97,3,0,3,15,14,2,0.262,0.305,0.38,0.685,642708
525,Eddie Rosario,31,426,Maj-NL,Atlanta,142,516,478,64,122,24,3,21,74,34,1,122,1,1,2,13,3,4,0.255,0.305,0.45,0.755,592696
526,Eguy Rosario,23,426,Maj-NL,San Diego,11,37,36,6,9,1,1,2,6,1,0,12,0,0,0,1,0,0,0.25,0.27,0.5,0.77,666703
527,Darin Ruf,36,547,Maj-NL,"Milwaukee,San Francisco",20,57,49,3,11,3,0,0,3,8,0,16,0,0,0,0,0,0,0.225,0.333,0.286,0.619,573131
528,Esteury Ruiz,24,426,Maj-AL,Oakland,131,494,446,46,113,24,1,5,47,20,1,98,16,4,1,7,67,13,0.253,0.309,0.345,0.654,665923
529,Keibert Ruiz,24,426,Maj-NL,Washington,135,558,519,55,134,23,0,18,67,31,1,58,6,0,2,13,1,1,0.258,0.307,0.407,0.713,660688
530,Blake Rutherford,26,438,Maj-NL,Washington,16,36,35,4,6,0,0,0,2,1,0,10,0,0,0,1,0,0,0.171,0.194,0.171,0.366,666164
531,Adley Rutschman,25,426,Maj-AL,Baltimore,153,681,583,83,158,31,1,19,76,91,6,101,2,0,5,14,1,2,0.271,0.369,0.425,0.794,668939
532,Blake Sabol,25,426,Maj-NL,San Francisco,109,342,308,36,73,10,0,13,44,24,0,116,6,2,2,4,4,2,0.237,0.303,0.396,0.699,666165
533,C\xc3\xa9sar Salazar,27,530,Maj-AL,Houston,13,19,18,1,2,0,0,0,0,1,0,6,0,0,0,1,0,0,0.111,0.158,0.111,0.269,663967
534,Gary S\xc3\xa1nchez,30,451,Maj-NL,"New York,San Diego",75,267,240,33,52,9,0,19,47,21,0,67,4,0,2,3,0,0,0.217,0.288,0.492,0.78,596142
535,Jes\xc3\xbas S\xc3\xa1nchez,25,426,Maj-NL,Miami,125,402,360,43,91,23,3,14,52,38,1,107,2,1,1,12,3,1,0.253,0.327,0.45,0.777,660821
536,Carlos Santana,37,426,Maj-NL,"Milwaukee,Pittsburgh",145,614,546,78,132,33,1,23,86,64,0,102,0,0,4,11,6,0,0.242,0.319,0.432,0.751,467793
537,Anthony Santander,28,426,Maj-AL,Baltimore,152,650,585,81,150,40,1,28,95,55,1,150,6,0,4,11,5,1,0.256,0.325,0.472,0.796,623993
538,Josh Sborz,29,588,Maj-AL,Texas,1,1,1,0,0,0,0,0,0,0,0,1,0,0,0,0,0,0,0.0,0.0,0.0,0.0,622250
539,Nolan Schanuel,21,427,Maj-AL,Los Angeles,29,132,109,19,30,3,0,1,6,20,1,19,3,0,0,1,0,0,0.275,0.402,0.33,0.732,694384
540,Casey Schmitt,24,426,Maj-NL,San Francisco,90,277,253,28,52,15,0,5,30,13,0,65,5,3,3,7,2,1,0.206,0.256,0.324,0.58,669477
541,Davis Schneider,24,426,Maj-AL,Toronto,35,141,116,23,32,12,1,8,20,21,0,43,4,0,0,2,1,0,0.276,0.404,0.603,1.008,676914
542,Jonathan Schoop,31,513,Maj-AL,Detroit,54,148,134,15,29,8,0,0,7,12,0,35,0,0,2,6,0,0,0.216,0.277,0.276,0.553,570731
543,Kyle Schwarber,30,426,Maj-NL,Philadelphia,159,715,580,108,115,19,1,47,104,126,5,213,6,0,3,4,0,2,0.198,0.346,0.478,0.823,656941
544,Corey Seager,29,426,Maj-AL,Texas,118,531,474,86,155,42,0,33,96,47,9,88,4,0,6,8,2,1,0.327,0.388,0.625,1.012,608369
545,Chandler Seagle,27,427,Maj-NL,San Diego,1,1,1,0,0,0,0,0,0,0,0,0,0,0,0,0,0,0,0.0,0.0,0.0,0.0,676882
547,Jean Segura,33,488,Maj-NL,Miami,83,318,294,25,66,5,2,3,21,21,1,44,2,1,0,10,6,2,0.225,0.281,0.286,0.567,516416
548,Marcus Semien,32,426,Maj-AL,Texas,161,748,665,121,183,40,4,29,100,72,1,109,5,0,5,5,13,3,0.275,0.348,0.478,0.826,543760
549,Nick Senzel,28,426,Maj-NL,Cincinnati,104,330,301,49,71,10,0,13,42,26,0,74,1,0,2,9,6,2,0.236,0.297,0.399,0.696,669222
550,Brian Serven,28,535,Maj-NL,Colorado,11,23,23,0,3,1,0,0,1,0,0,10,0,0,0,0,0,0,0.13,0.13,0.174,0.304,661531
551,Gavin Sheets,27,426,Maj-AL,Chicago,116,340,307,24,63,10,0,10,43,28,2,64,1,0,4,6,1,0,0.205,0.271,0.336,0.606,657757
552,Braden Shewmake,25,574,Maj-NL,Atlanta,2,4,4,0,0,0,0,0,0,0,0,1,0,0,0,0,0,0,0.0,0.0,0.0,0.0,669699
553,Zack Short,28,426,Maj-AL,Detroit,109,253,221,17,45,9,0,7,33,28,0,66,0,3,1,3,5,0,0.204,0.292,0.339,0.631,670097
554,Michael Siani,23,428,Maj-NL,"Cincinnati,St. Louis",8,6,5,1,0,0,0,0,0,1,0,1,0,0,0,0,1,1,0.0,0.167,0.0,0.167,672279
555,Jon Singleton,31,426,"Maj-AL,Maj-NL","Houston,Milwaukee",36,105,91,11,15,3,0,2,12,13,0,23,0,0,1,2,0,0,0.165,0.267,0.264,0.53,572138
556,Jose Siri,27,446,Maj-AL,Tampa Bay,100,361,335,57,74,13,2,24,55,20,0,128,2,1,3,5,12,3,0.221,0.267,0.487,0.753,642350
557,Austin Slater,30,427,Maj-NL,San Francisco,88,207,185,24,50,9,0,5,20,20,0,58,2,0,0,2,2,2,0.27,0.348,0.4,0.748,596103
558,Dominic Smith,28,426,Maj-NL,Washington,152,582,524,56,132,21,1,12,46,46,1,91,10,0,2,12,1,1,0.252,0.323,0.365,0.688,642086
559,Josh Smith,25,428,Maj-AL,Texas,89,230,194,28,36,8,1,6,15,24,0,54,9,2,1,3,1,0,0.186,0.303,0.33,0.633,669701
560,Kevin Smith,26,433,Maj-AL,Oakland,49,146,135,15,25,4,0,5,11,5,0,51,1,5,0,3,1,0,0.185,0.22,0.326,0.546,675656
561,Pavin Smith,27,446,Maj-NL,Arizona,67,228,191,26,36,5,0,7,30,35,0,45,1,0,0,3,1,1,0.189,0.317,0.325,0.642,656976
562,Will Smith,28,426,Maj-NL,Los Angeles,124,544,457,79,117,20,2,19,72,61,2,89,15,0,11,8,3,0,0.256,0.355,0.433,0.788,669257
563,Canaan Smith-Njigba,24,540,Maj-NL,Pittsburgh,14,32,27,3,3,1,1,0,5,4,0,13,0,0,1,0,1,0,0.111,0.219,0.222,0.441,675986
564,Tyler Soderstrom,21,426,Maj-AL,Oakland,45,138,125,9,20,1,0,3,7,11,0,43,1,0,1,6,0,0,0.16,0.232,0.24,0.472,691016
565,Nick Solak,28,539,"Maj-AL,Maj-NL","Atlanta,Detroit",2,0,0,1,0,0,0,0,0,0,0,0,0,0,0,0,0,0,,,,,669256
566,Donovan Solano,35,426,Maj-AL,Minnesota,133,448,392,43,110,26,1,5,37,40,1,100,15,0,1,8,0,0,0.281,0.368,0.39,0.759,456781
567,Jorge Soler,31,427,Maj-NL,Miami,135,572,496,76,123,23,0,35,74,66,4,140,6,0,4,20,1,0,0.248,0.341,0.506,0.847,624585
568,Edmundo Sosa,27,426,Maj-NL,Philadelphia,104,300,279,34,70,15,2,10,30,8,0,74,9,2,1,10,4,2,0.251,0.293,0.427,0.719,624641
569,Lenyn Sosa,23,426,Maj-AL,Chicago,52,173,164,12,33,6,0,6,14,5,1,40,0,3,1,3,0,1,0.201,0.224,0.348,0.571,672820
570,Juan Soto,24,426,Maj-NL,San Diego,160,700,561,97,156,32,1,35,109,131,11,127,2,1,5,18,12,5,0.278,0.413,0.526,0.939,665742
571,Livan Soto,23,546,Maj-AL,Los Angeles,4,12,9,2,2,0,0,0,0,3,0,2,0,0,0,0,0,0,0.222,0.417,0.222,0.639,670869
573,George Springer,33,427,Maj-AL,Toronto,153,677,607,83,153,25,1,21,71,60,1,124,5,0,3,20,20,5,0.252,0.323,0.4,0.723,543807
574,Jacob Stallings,33,426,Maj-NL,Miami,87,273,238,21,45,13,0,3,20,27,0,65,3,3,2,9,0,0,0.189,0.278,0.282,0.559,607732
575,Giancarlo Stanton,33,429,Maj-AL,New York,100,411,367,43,70,13,0,24,60,41,3,123,2,0,1,11,0,0,0.191,0.275,0.422,0.697,519317
576,Spencer Steer,25,427,Maj-NL,Cincinnati,155,661,580,73,157,37,3,22,85,66,0,139,11,0,4,9,15,3,0.271,0.354,0.459,0.813,668715
577,Michael Stefanic,27,426,Maj-AL,Los Angeles,25,71,62,5,18,2,1,0,6,8,0,8,1,0,0,0,0,1,0.29,0.38,0.355,0.735,683021
578,Tyler Stephenson,26,426,Maj-NL,Cincinnati,141,513,461,59,113,20,2,13,56,47,2,134,4,0,1,15,0,1,0.245,0.32,0.382,0.702,663886
579,Andrew Stevenson,29,426,Maj-AL,Minnesota,25,40,37,4,7,1,0,0,1,2,0,8,1,0,0,0,4,1,0.189,0.25,0.216,0.466,664057
580,Cal Stevenson,26,572,Maj-NL,San Francisco,6,12,9,1,0,0,0,0,0,3,0,2,0,0,0,0,0,0,0.0,0.25,0.0,0.25,670276
581,DJ Stewart,29,426,Maj-NL,New York,58,185,160,21,39,9,0,11,26,15,0,56,7,1,1,3,1,1,0.244,0.333,0.506,0.84,621466
582,Trevor Story,30,426,Maj-AL,Boston,43,168,158,12,32,9,0,3,14,9,0,55,1,0,0,2,10,3,0.203,0.25,0.317,0.567,596115
583,Bryson Stott,25,426,Maj-NL,Philadelphia,150,636,581,78,163,32,2,15,62,39,1,98,7,1,8,10,31,3,0.281,0.329,0.42,0.749,681082
584,Kyle Stowers,25,566,Maj-AL,Baltimore,14,33,30,1,2,0,0,0,0,3,0,12,0,0,0,1,0,0,0.067,0.152,0.067,0.218,669065
585,Myles Straw,28,427,Maj-AL,Cleveland,145,510,455,50,109,18,3,1,29,41,0,96,2,6,6,10,19,6,0.24,0.302,0.299,0.601,664702
586,Garrett Stubbs,30,426,Maj-NL,Philadelphia,41,125,113,15,23,4,1,1,12,9,0,29,2,1,0,0,2,0,0.204,0.274,0.283,0.557,596117
587,Eugenio Su\xc3\xa1rez,31,426,Maj-AL,Seattle,160,687,591,68,137,28,0,22,96,70,0,213,15,0,11,9,2,1,0.232,0.323,0.391,0.714,553993
588,Brett Sullivan,29,426,Maj-NL,San Diego,33,86,81,7,17,3,0,1,6,4,0,19,0,0,1,1,0,0,0.21,0.244,0.284,0.528,664954
589,Jack Suwinski,24,426,Maj-NL,Pittsburgh,143,530,443,63,100,21,2,26,74,75,2,170,6,0,6,2,13,2,0.226,0.342,0.458,0.8,669261
590,Seiya Suzuki,28,427,Maj-NL,Chicago,138,583,515,75,147,31,6,20,74,59,3,130,2,0,7,8,6,7,0.285,0.357,0.485,0.842,673548
591,Dansby Swanson,29,427,Maj-NL,Chicago,146,634,561,80,135,25,3,22,79,66,0,154,5,0,2,9,9,1,0.241,0.325,0.414,0.738,621020
592,Raimel Tapia,29,426,"Maj-AL,Maj-NL","Boston,Milwaukee,Tampa Bay",62,168,148,27,35,4,1,3,13,16,0,40,1,1,1,2,10,2,0.237,0.313,0.338,0.651,606132
593,Fernando Tatis Jr.,24,426,Maj-NL,San Diego,141,635,575,91,148,33,1,25,78,53,0,141,3,1,3,17,29,4,0.257,0.322,0.449,0.771,665487
594,Mike Tauchman,32,426,Maj-NL,Chicago,108,401,337,64,85,18,0,8,48,56,1,86,4,1,3,3,7,1,0.252,0.363,0.377,0.739,643565
595,Leody Taveras,24,426,Maj-AL,Texas,143,554,511,67,136,31,3,14,67,35,0,117,1,3,4,3,14,4,0.266,0.312,0.421,0.733,665750
596,Chris Taylor,32,426,Maj-NL,Los Angeles,117,384,338,51,80,15,1,15,56,41,2,125,4,0,1,2,16,3,0.237,0.326,0.42,0.746,621035
597,Michael A. Taylor,32,427,Maj-AL,Minnesota,128,384,351,48,77,14,1,21,51,26,0,127,3,3,1,7,13,1,0.219,0.278,0.444,0.723,572191
599,Samad Taylor,24,454,Maj-AL,Kansas City,31,69,60,11,12,2,1,0,4,7,0,22,0,1,1,1,8,0,0.2,0.279,0.267,0.546,669392
600,Tyrone Taylor,29,426,Maj-NL,Milwaukee,81,243,231,36,54,17,1,10,35,8,0,55,3,0,1,10,9,0,0.234,0.268,0.446,0.713,621438
601,Rowdy Tellez,28,426,Maj-NL,Milwaukee,104,347,308,26,67,9,1,13,47,34,2,84,0,0,5,10,0,0,0.218,0.291,0.38,0.671,642133
602,Jos\xc3\xa9 Tena,22,426,Maj-AL,Cleveland,18,34,31,2,7,2,0,0,3,3,0,13,0,0,0,0,0,0,0.226,0.294,0.29,0.584,677588
603,Matt Thaiss,28,444,Maj-AL,Los Angeles,95,307,262,32,56,6,0,9,31,36,1,83,6,0,3,4,2,0,0.214,0.319,0.34,0.659,642136
604,Alek Thomas,23,426,Maj-NL,Arizona,124,400,372,51,86,17,5,9,39,19,1,86,4,2,3,5,9,1,0.231,0.274,0.376,0.65,677950
605,Cody Thomas,28,475,Maj-AL,Oakland,19,46,42,1,10,3,0,1,2,4,0,17,0,0,0,1,0,0,0.238,0.304,0.381,0.685,642137
606,Lane Thomas,27,426,Maj-NL,Washington,155,677,623,101,167,36,3,28,86,36,0,175,11,0,7,5,20,5,0.268,0.316,0.47,0.786,657041
607,Bubba Thompson,25,489,Maj-AL,Texas,36,58,51,10,9,4,1,0,4,4,0,16,1,1,1,0,4,2,0.177,0.246,0.294,0.54,669352
608,Trayce Thompson,32,426,"Maj-AL,Maj-NL","Chicago,Los Angeles",72,179,153,17,25,2,0,6,17,24,0,77,2,0,0,1,2,0,0.163,0.285,0.294,0.579,572204
609,Michael Toglia,24,458,Maj-NL,Colorado,45,152,141,18,23,5,0,4,9,10,0,50,1,0,0,3,1,1,0.163,0.224,0.284,0.507,669911
610,Spencer Torkelson,23,426,Maj-AL,Detroit,158,680,602,88,141,34,1,31,94,67,1,171,6,0,5,15,3,0,0.234,0.315,0.449,0.763,679529
611,Abraham Toro,26,472,Maj-NL,Milwaukee,9,21,18,4,8,0,0,2,9,2,0,5,1,0,0,0,0,0,0.444,0.524,0.778,1.302,647351
612,Luis Torrens,27,426,"Maj-AL,Maj-NL","Chicago,Seattle",17,30,28,1,7,3,0,0,4,1,0,9,1,0,0,0,0,0,0.25,0.3,0.357,0.657,620443
613,Gleyber Torres,26,427,Maj-AL,New York,157,668,593,88,162,28,2,24,66,66,0,98,3,0,6,19,12,6,0.273,0.346,0.449,0.794,650402
614,Ezequiel Tovar,21,426,Maj-NL,Colorado,151,606,572,78,145,37,4,15,73,25,0,163,4,2,3,10,11,5,0.254,0.288,0.411,0.699,678662
615,Taylor Trammell,25,495,Maj-AL,Seattle,22,56,46,7,6,0,0,3,11,9,0,22,1,0,0,2,0,1,0.13,0.286,0.326,0.612,666211
616,Alan Trejo,27,427,Maj-NL,Colorado,80,227,207,24,48,11,0,4,26,16,0,51,1,1,2,3,5,1,0.232,0.288,0.343,0.631,676701
617,Jose Trevino,30,502,Maj-AL,New York,54,165,154,14,32,4,0,4,15,8,0,20,2,1,0,6,0,0,0.208,0.256,0.312,0.568,624431
618,Jared Triolo,25,426,Maj-NL,Pittsburgh,54,209,181,30,54,9,0,3,21,24,0,63,3,0,1,0,6,1,0.298,0.388,0.398,0.785,669707
619,Chadwick Tromp,28,573,Maj-NL,Atlanta,6,16,16,1,2,1,0,0,1,0,0,7,0,0,0,0,0,0,0.125,0.125,0.188,0.313,644433
620,Mike Trout,31,466,Maj-AL,Los Angeles,81,358,305,54,81,14,1,18,44,44,2,104,7,0,2,4,2,0,0.266,0.369,0.495,0.864,545361
621,Cole Tucker,26,448,Maj-NL,Colorado,5,10,8,2,4,0,0,0,2,1,0,2,1,0,0,0,0,0,0.5,0.6,0.5,1.1,657061
622,Kyle Tucker,26,426,Maj-AL,Houston,155,666,569,95,162,37,5,28,110,77,9,90,3,0,10,11,29,5,0.285,0.367,0.515,0.882,663656
623,Brice Turang,23,426,Maj-NL,Milwaukee,136,445,401,46,87,9,3,6,34,38,1,94,1,3,2,9,26,4,0.217,0.285,0.299,0.584,668930
625,Justin Turner,38,426,Maj-AL,Boston,145,621,554,84,152,31,0,23,95,50,0,109,11,0,6,10,4,1,0.274,0.343,0.455,0.798,457759
626,Trea Turner,30,427,Maj-NL,Philadelphia,154,686,635,101,169,35,4,26,75,44,1,149,6,0,1,12,30,0,0.266,0.319,0.457,0.776,607208
627,Luis Ur\xc3\xadas,26,437,"Maj-AL,Maj-NL","Boston,Milwaukee",51,173,140,18,28,6,0,3,18,21,0,41,10,0,0,4,0,0,0.2,0.345,0.307,0.652,649966
628,Ram\xc3\xb3n Ur\xc3\xadas,29,426,Maj-AL,Baltimore,115,391,356,44,93,22,3,3,40,27,0,101,7,0,1,10,3,1,0.261,0.325,0.365,0.69,602104
629,Gio Urshela,31,534,Maj-AL,Los Angeles,61,224,210,21,62,8,1,2,24,10,0,35,1,0,3,9,3,2,0.295,0.326,0.371,0.697,570482
630,Enmanuel Valdez,24,426,Maj-AL,Boston,49,149,139,17,37,8,0,6,19,8,0,37,1,0,0,4,5,1,0.266,0.311,0.453,0.764,665839
631,Ildemaro Vargas,31,426,Maj-NL,Washington,86,286,262,32,66,13,2,4,31,19,0,20,1,3,1,10,1,1,0.252,0.304,0.363,0.667,545121
632,Miguel Vargas,23,511,Maj-NL,Los Angeles,79,296,253,35,49,14,4,7,32,33,1,60,4,1,4,1,3,2,0.194,0.293,0.364,0.656,678246
633,Daulton Varsho,26,426,Maj-AL,Toronto,157,575,522,64,115,22,3,20,59,45,0,133,4,1,2,5,16,7,0.22,0.286,0.389,0.675,662139
634,Andrew Vaughn,25,426,Maj-AL,Chicago,151,610,562,67,145,29,2,21,78,36,0,127,10,0,2,15,0,0,0.258,0.313,0.429,0.742,683734
635,Terrin Vavra,26,549,Maj-AL,Baltimore,27,56,49,9,12,0,0,0,5,5,0,12,0,2,0,5,1,0,0.245,0.315,0.245,0.56,679631
636,Christian V\xc3\xa1zquez,32,426,Maj-AL,Minnesota,101,351,323,34,71,13,0,6,32,25,1,81,1,1,1,10,1,0,0.22,0.277,0.316,0.593,543877
637,Andrew Velazquez,28,455,Maj-AL,Los Angeles,54,94,81,12,14,3,0,2,3,10,0,30,0,3,0,1,13,3,0.173,0.264,0.284,0.548,623205
638,Nelson Vel\xc3\xa1zquez,24,427,"Maj-AL,Maj-NL","Chicago,Kansas City",53,179,162,35,38,6,0,17,34,14,0,51,2,0,1,3,0,0,0.235,0.302,0.586,0.888,676369
639,Alex Verdugo,27,426,Maj-AL,Boston,141,597,541,79,142,37,4,13,54,45,1,93,6,0,5,10,5,3,0.263,0.323,0.418,0.741,657077
640,Mark Vientos,23,426,Maj-NL,New York,65,233,218,19,46,5,1,9,22,10,0,71,3,0,2,5,1,0,0.211,0.253,0.367,0.62,668901
641,Matt Vierling,26,426,Maj-AL,Detroit,133,527,476,63,125,21,5,10,44,44,1,111,5,1,1,8,6,6,0.263,0.331,0.391,0.722,663837
642,David Villar,26,495,Maj-NL,San Francisco,45,139,123,15,18,6,0,5,12,11,0,45,4,0,1,1,1,1,0.146,0.237,0.317,0.555,681584
643,Meibrys Viloria,26,580,Maj-AL,Cleveland,10,4,3,0,0,0,0,0,0,1,0,0,0,0,0,1,0,0,0.0,0.25,0.0,0.25,650619
644,Daniel Vogelbach,30,435,Maj-NL,New York,102,316,273,32,63,7,0,13,48,41,1,81,2,0,0,6,0,0,0.231,0.335,0.399,0.735,596129
645,Luke Voit,32,567,Maj-NL,Milwaukee,22,74,68,5,15,3,0,0,4,4,0,27,2,0,0,3,2,0,0.221,0.284,0.265,0.549,572228
646,Anthony Volpe,22,426,Maj-AL,New York,158,598,539,62,113,23,4,21,60,51,0,166,5,1,2,10,23,5,0.21,0.283,0.384,0.667,683011
647,Jason Vosler,29,587,Maj-NL,Cincinnati,19,61,58,6,9,2,0,3,8,3,0,24,0,0,0,0,0,0,0.155,0.197,0.345,0.542,613564
648,Joey Votto,39,426,Maj-NL,Cincinnati,65,242,208,26,42,6,0,14,38,27,0,62,7,0,0,2,0,0,0.202,0.314,0.433,0.747,458015
649,LaMonte Wade Jr.,29,426,Maj-NL,San Francisco,134,515,426,64,110,14,2,17,45,75,3,95,6,4,4,4,2,0,0.258,0.374,0.42,0.794,664774
651,Tyler Wade,28,510,Maj-AL,Oakland,26,55,51,8,13,1,1,0,2,4,0,13,0,0,0,0,4,0,0.255,0.309,0.314,0.623,642180
652,Adam Wainwright,41,426,Maj-NL,St. Louis,2,2,2,0,0,0,0,0,0,0,0,1,0,0,0,0,0,0,0.0,0.0,0.0,0.0,425794
653,Christian Walker,32,427,Maj-NL,Arizona,155,654,575,86,148,36,2,33,102,62,3,126,8,0,8,13,11,0,0.257,0.334,0.499,0.833,572233
654,Jordan Walker,21,426,Maj-NL,St. Louis,116,460,415,51,115,19,2,16,50,37,0,103,6,0,2,9,7,4,0.277,0.344,0.448,0.792,691023
655,Forrest Wall,27,428,Maj-NL,Atlanta,15,15,13,6,6,2,0,1,2,2,0,4,0,0,0,0,5,1,0.462,0.533,0.846,1.38,657088
656,Chad Wallach,31,434,Maj-AL,Los Angeles,65,172,157,18,31,5,1,7,15,13,0,57,0,2,0,5,0,1,0.198,0.259,0.376,0.635,595453
657,Matt Wallner,25,426,Maj-AL,Minnesota,76,254,213,42,53,11,1,14,41,28,1,80,13,0,0,1,2,1,0.249,0.37,0.507,0.877,670242
658,Taylor Walls,26,427,Maj-AL,Tampa Bay,98,348,302,49,61,12,2,8,36,44,0,92,1,1,0,1,22,1,0.202,0.306,0.334,0.64,670764
659,Jared Walsh,29,430,Maj-AL,Los Angeles,39,116,104,10,13,4,0,4,11,11,0,45,1,0,0,1,0,0,0.125,0.216,0.279,0.494,665120
660,Taylor Ward,29,490,Maj-AL,Los Angeles,96,405,352,60,89,18,0,14,47,39,0,79,8,0,6,8,3,2,0.253,0.336,0.423,0.759,621493
661,Drew Waters,24,427,Maj-AL,Kansas City,98,337,302,40,69,11,5,8,32,27,0,107,5,0,3,4,16,5,0.229,0.3,0.378,0.677,671221
662,Austin Wells,23,426,Maj-AL,New York,19,75,70,8,16,6,0,4,13,3,0,14,0,0,1,3,0,0,0.229,0.257,0.486,0.743,669224
663,Joey Wendle,33,426,Maj-NL,Miami,110,316,295,33,63,16,3,2,20,13,0,67,2,3,3,8,7,1,0.214,0.249,0.309,0.558,621563
664,Jordan Westburg,24,426,Maj-AL,Baltimore,68,228,208,26,54,17,2,3,23,16,0,56,1,0,3,3,4,1,0.26,0.311,0.404,0.715,676059
665,Eli White,29,588,Maj-NL,Atlanta,6,17,14,1,1,0,0,0,0,2,0,7,1,0,0,0,0,0,0.071,0.235,0.071,0.307,642201
666,Joey Wiemer,24,441,Maj-NL,Milwaukee,132,410,367,48,75,19,0,13,42,36,0,116,5,0,2,4,11,4,0.204,0.283,0.362,0.645,686894
667,Alika Williams,24,433,Maj-NL,Pittsburgh,46,112,101,7,20,5,0,0,6,9,0,35,1,1,0,2,0,0,0.198,0.27,0.248,0.518,675961
668,Luke Williams,26,428,Maj-NL,"Atlanta,Los Angeles",11,19,19,1,1,0,0,0,0,0,0,7,0,0,0,0,4,0,0.053,0.053,0.053,0.105,663897
669,Weston Wilson,28,426,Maj-NL,Philadelphia,8,22,16,5,5,0,0,1,2,6,0,5,0,0,0,0,3,1,0.313,0.5,0.5,1.0,642215
670,Jesse Winker,29,495,Maj-NL,Milwaukee,59,193,162,16,33,5,0,1,23,26,0,48,4,0,1,0,0,0,0.204,0.326,0.253,0.58,608385
671,Masyn Winn,21,426,Maj-NL,St. Louis,37,137,122,8,21,2,0,2,12,10,0,26,0,2,3,1,2,1,0.172,0.23,0.238,0.467,691026
672,Patrick Wisdom,31,426,Maj-NL,Chicago,96,298,265,43,55,8,1,23,46,29,0,110,2,1,1,4,4,2,0.208,0.29,0.506,0.795,621550
673,Brett Wisely,24,491,Maj-NL,San Francisco,50,131,120,10,21,5,0,2,8,9,0,40,0,1,1,2,2,1,0.175,0.231,0.267,0.498,689172
674,Bobby Witt Jr.,23,426,Maj-AL,Kansas City,157,690,639,97,177,28,11,30,96,38,1,120,4,1,8,11,49,15,0.277,0.318,0.496,0.814,677951
675,Connor Wong,27,426,Maj-AL,Boston,125,401,369,55,87,25,2,9,36,22,0,133,6,3,1,4,8,2,0.236,0.289,0.388,0.676,657136
677,Kolten Wong,32,426,"Maj-AL,Maj-NL","Los Angeles,Seattle",85,241,217,23,40,6,0,4,26,17,0,52,4,0,3,1,3,2,0.184,0.253,0.267,0.52,543939
678,Austin Wynns,32,426,Maj-NL,"Colorado,Los Angeles,San Francisco",51,145,130,11,27,6,0,1,10,9,0,39,2,3,1,4,1,0,0.208,0.268,0.277,0.545,642851
679,Mike Yastrzemski,32,426,Maj-NL,San Francisco,105,379,328,54,77,23,1,15,43,45,3,97,3,2,1,5,2,2,0.235,0.332,0.448,0.78,573262
680,Christian Yelich,31,426,Maj-NL,Milwaukee,143,628,548,106,153,34,1,19,76,76,7,139,3,0,1,15,28,3,0.279,0.369,0.449,0.818,592885
681,Juan Yepez,25,427,Maj-NL,St. Louis,28,65,60,5,11,1,0,2,2,4,0,20,1,0,0,0,0,1,0.183,0.246,0.3,0.546,660766
682,Masataka Yoshida,29,426,Maj-AL,Boston,139,575,533,70,153,33,3,15,71,34,0,81,6,0,2,20,8,0,0.287,0.336,0.445,0.78,807799
683,Jacob Young,23,426,Maj-NL,Washington,33,121,107,9,27,7,1,0,12,10,0,22,1,3,0,2,13,0,0.252,0.322,0.336,0.658,696285
684,Jared Young,27,426,Maj-NL,Chicago,16,47,43,8,8,0,3,2,8,3,0,13,1,0,0,1,2,0,0.186,0.255,0.465,0.72,676724
685,Seby Zavala,29,426,"Maj-AL,Maj-NL","Arizona,Chicago",73,193,175,17,30,4,0,7,18,12,0,70,2,2,2,4,1,0,0.171,0.23,0.314,0.545,664874
686,Mike Zunino,32,535,Maj-AL,Cleveland,40,132,118,9,21,7,0,3,11,13,0,59,1,0,0,3,0,0,0.178,0.265,0.314,0.579,572287
