date,load_mw
2015-01-01,28304.458333333332
2015-01-02,30856.0
2015-01-03,31009.875
2015-01-04,30924.666666666668
2015-01-05,41563.5
2015-01-06,41459.291666666664
2015-01-07,42146.5
2015-01-08,41474.083333333336
2015-01-09,40759.916666666664
2015-01-10,37014.666666666664
2015-01-11,36995.458333333336
2015-01-12,41324.375
2015-01-13,43953.041666666664
2015-01-14,45122.166666666664
2015-01-15,44632.5
2015-01-16,44751.875
2015-01-17,41698.875
2015-01-18,40926.291666666664
2015-01-19,45556.125
2015-01-20,46525.041666666664
2015-01-21,46416.625
2015-01-22,46037.166666666664
2015-01-23,45929.875
2015-01-24,41568.416666666664
2015-01-25,40635.625
2015-01-26,44372.166666666664
2015-01-27,45200.875
2015-01-28,44740.25
2015-01-29,46039.958333333336
2015-01-30,45893.208333333336
2015-01-31,41998.666666666664
2015-02-01,41402.166666666664
2015-02-02,46586.416666666664
2015-02-03,46242.083333333336
2015-02-04,45914.208333333336
2015-02-05,46730.833333333336
2015-02-06,45212.25
2015-02-07,41489.875
2015-02-08,39791.916666666664
2015-02-09,43324.166666666664
2015-02-10,44852.291666666664
2015-02-11,45722.416666666664
2015-02-12,45703.416666666664
2015-02-13,44495.0
2015-02-14,40502.416666666664
2015-02-15,38973.166666666664
2015-02-16,43923.666666666664
2015-02-17,43707.875
2015-02-18,42620.666666666664
2015-02-19,43451.916666666664
2015-02-20,43578.625
2015-02-21,39400.541666666664
2015-02-22,39965.75
2015-02-23,43857.833333333336
2015-02-24,44307.25
2015-02-25,43914.958333333336
2015-02-26,43273.666666666664
2015-02-27,42961.708333333336
2015-02-28,38967.25
2015-03-01,37728.25
2015-03-02,43502.916666666664
2015-03-03,43917.416666666664
2015-03-04,43714.166666666664
2015-03-05,43512.125
2015-03-06,41236.166666666664
2015-03-07,36401.666666666664
2015-03-08,36522.291666666664
2015-03-09,42683.541666666664
2015-03-10,41883.0
2015-03-11,42364.041666666664
2015-03-12,41693.0
2015-03-13,41737.208333333336
2015-03-14,38827.625
2015-03-15,38309.875
2015-03-16,43025.083333333336
2015-03-17,42729.291666666664
2015-03-18,42538.416666666664
2015-03-19,42738.291666666664
2015-03-20,41109.375
2015-03-21,37056.791666666664
2015-03-22,36570.916666666664
2015-03-23,40273.833333333336
2015-03-24,40324.5
2015-03-25,40323.375
2015-03-26,40783.25
2015-03-27,39453.958333333336
2015-03-28,35944.125
2015-03-29,35744.42857142857
2015-03-30,39467.916666666664
2015-03-31,40067.25
2015-04-01,38053.083333333336
2015-04-02,37050.75
2015-04-03,34308.041666666664
2015-04-04,33254.166666666664
2015-04-05,31245.041666666668
2015-04-06,31876.5
2015-04-07,34768.083333333336
2015-04-08,35201.333333333336
2015-04-09,35100.375
2015-04-10,34512.958333333336
2015-04-11,30885.291666666668
2015-04-12,30835.416666666668
2015-04-13,36954.041666666664
2015-04-14,37840.541666666664
2015-04-15,37496.083333333336
2015-04-16,37756.583333333336
2015-04-17,37015.625
2015-04-18,33425.708333333336
2015-04-19,33567.208333333336
2015-04-20,37662.375
2015-04-21,37378.083333333336
2015-04-22,37443.333333333336
2015-04-23,37240.791666666664
2015-04-24,36385.75
2015-04-25,33198.666666666664
2015-04-26,33008.958333333336
2015-04-27,38034.125
2015-04-28,36390.708333333336
2015-04-29,38088.0
2015-04-30,38188.166666666664
2015-05-01,37513.916666666664
2015-05-02,33958.75
2015-05-03,32585.791666666668
2015-05-04,32858.25
2015-05-05,36941.916666666664
2015-05-06,37621.5
2015-05-07,37620.375
2015-05-08,37199.958333333336
2015-05-09,33282.958333333336
2015-05-10,32148.833333333332
2015-05-11,35880.291666666664
2015-05-12,36241.708333333336
2015-05-13,36442.208333333336
2015-05-14,37756.416666666664
2015-05-15,36621.25
2015-05-16,32178.25
2015-05-17,31369.041666666668
2015-05-18,36665.708333333336
2015-05-19,37533.583333333336
2015-05-20,37262.708333333336
2015-05-21,36361.5
2015-05-22,36048.958333333336
2015-05-23,31843.458333333332
2015-05-24,30275.708333333332
2015-05-25,31694.208333333332
2015-05-26,34921.458333333336
2015-05-27,35503.458333333336
2015-05-28,35129.708333333336
2015-05-29,35445.833333333336
2015-05-30,31336.791666666668
2015-05-31,31240.875
2015-06-01,35450.666666666664
2015-06-02,35970.625
2015-06-03,35999.583333333336
2015-06-04,35962.5
2015-06-05,34973.583333333336
2015-06-06,30596.25
2015-06-07,29445.125
2015-06-08,34607.416666666664
2015-06-09,35426.541666666664
2015-06-10,36118.0
2015-06-11,33694.541666666664
2015-06-12,35415.5
2015-06-13,31852.916666666668
2015-06-14,31150.416666666668
2015-06-15,35132.291666666664
2015-06-16,35840.708333333336
2015-06-17,35788.958333333336
2015-06-18,35649.0
2015-06-19,34566.875
2015-06-20,31647.791666666668
2015-06-21,29788.916666666668
2015-06-22,35122.666666666664
2015-06-23,35588.5
2015-06-24,35583.208333333336
2015-06-25,35473.541666666664
2015-06-26,35061.458333333336
2015-06-27,31021.333333333332
2015-06-28,30070.666666666668
2015-06-29,35163.0
2015-06-30,36642.833333333336
2015-07-01,37296.708333333336
2015-07-02,36236.583333333336
2015-07-03,35235.5
2015-07-04,31683.916666666668
2015-07-05,30343.25
2015-07-06,34219.75
2015-07-07,34432.458333333336
2015-07-08,34803.541666666664
2015-07-09,35026.0
2015-07-10,35093.333333333336
2015-07-11,30879.875
2015-07-12,29860.5
2015-07-13,34988.75
2015-07-14,35407.375
2015-07-15,35376.375
2015-07-16,35637.625
2015-07-17,34488.25
2015-07-18,30431.083333333332
2015-07-19,29878.708333333332
2015-07-20,34465.791666666664
2015-07-21,34580.208333333336
2015-07-22,34988.291666666664
2015-07-23,34601.75
2015-07-24,34548.25
2015-07-25,30459.833333333332
2015-07-26,30116.75
2015-07-27,34083.458333333336
2015-07-28,34528.75
2015-07-29,34427.541666666664
2015-07-30,34176.208333333336
2015-07-31,33710.875
2015-08-01,30047.5
2015-08-02,29831.666666666668
2015-08-03,33699.625
2015-08-04,33624.125
2015-08-05,34400.041666666664
2015-08-06,33570.166666666664
2015-08-07,33566.25
2015-08-08,30484.708333333332
2015-08-09,29837.041666666668
2015-08-10,34071.625
2015-08-11,35278.75
2015-08-12,35110.791666666664
2015-08-13,35593.583333333336
2015-08-14,35380.208333333336
2015-08-15,30865.916666666668
2015-08-16,30307.708333333332
2015-08-17,34672.75
2015-08-18,35292.041666666664
2015-08-19,35655.75
2015-08-20,35737.541666666664
2015-08-21,34956.333333333336
2015-08-22,32096.958333333332
2015-08-23,30859.708333333332
2015-08-24,35131.208333333336
2015-08-25,35126.5
2015-08-26,35302.916666666664
2015-08-27,34918.708333333336
2015-08-28,34125.791666666664
2015-08-29,30798.0
2015-08-30,30033.625
2015-08-31,31774.041666666668
2015-09-01,35135.333333333336
2015-09-02,35843.666666666664
2015-09-03,36074.708333333336
2015-09-04,35406.333333333336
2015-09-05,32059.166666666668
2015-09-06,31146.5
2015-09-07,35787.166666666664
2015-09-08,36832.583333333336
2015-09-09,36571.875
2015-09-10,36155.625
2015-09-11,35550.125
2015-09-12,31946.166666666668
2015-09-13,31308.916666666668
2015-09-14,35115.75
2015-09-15,36311.166666666664
2015-09-16,37004.5
2015-09-17,36795.25
2015-09-18,36239.0
2015-09-19,32450.833333333332
2015-09-20,31814.291666666668
2015-09-21,37043.458333333336
2015-09-22,36626.916666666664
2015-09-23,36578.708333333336
2015-09-24,36011.041666666664
2015-09-25,35769.083333333336
2015-09-26,32677.208333333332
2015-09-27,31870.583333333332
2015-09-28,36587.5
2015-09-29,36541.708333333336
2015-09-30,37556.666666666664
2015-10-01,37274.875
2015-10-02,37192.791666666664
2015-10-03,34737.375
2015-10-04,31970.458333333332
2015-10-05,37635.166666666664
2015-10-06,37960.791666666664
2015-10-07,37690.166666666664
2015-10-08,37862.291666666664
2015-10-09,37361.083333333336
2015-10-10,34330.916666666664
2015-10-11,33325.0
2015-10-12,37816.583333333336
2015-10-13,38857.291666666664
2015-10-14,38136.875
2015-10-15,38768.875
2015-10-16,38103.958333333336
2015-10-17,35860.166666666664
2015-10-18,35063.541666666664
2015-10-19,38806.833333333336
2015-10-20,38413.166666666664
2015-10-21,38999.791666666664
2015-10-22,38063.333333333336
2015-10-23,38807.0
2015-10-24,35402.541666666664
2015-10-25,35537.916666666664
2015-10-26,38585.625
2015-10-27,39974.75
2015-10-28,39633.041666666664
2015-10-29,38775.916666666664
2015-10-30,39453.916666666664
2015-10-31,35545.833333333336
2015-11-01,35631.25
2015-11-02,40446.041666666664
2015-11-03,40465.333333333336
2015-11-04,40373.833333333336
2015-11-05,40220.125
2015-11-06,38563.583333333336
2015-11-07,35889.0
2015-11-08,35551.375
2015-11-09,39584.666666666664
2015-11-10,39166.875
2015-11-11,39328.625
2015-11-12,39393.625
2015-11-13,39439.916666666664
2015-11-14,37482.208333333336
2015-11-15,35660.083333333336
2015-11-16,39566.916666666664
2015-11-17,40901.916666666664
2015-11-18,40587.5
2015-11-19,40018.75
2015-11-20,41086.25
2015-11-21,39200.25
2015-11-22,39276.75
2015-11-23,42415.416666666664
2015-11-24,41720.916666666664
2015-11-25,41695.583333333336
2015-11-26,40750.875
2015-11-27,39613.708333333336
2015-11-28,39120.708333333336
2015-11-29,38243.541666666664
2015-11-30,42935.833333333336
2015-12-01,42707.791666666664
2015-12-02,40446.0
2015-12-03,42109.333333333336
2015-12-04,40880.875
2015-12-05,38191.041666666664
2015-12-06,37092.041666666664
2015-12-07,40984.875
2015-12-08,41103.458333333336
2015-12-09,41186.125
2015-12-10,41786.75
2015-12-11,42407.791666666664
2015-12-12,39503.541666666664
2015-12-13,39682.958333333336
2015-12-14,42979.833333333336
2015-12-15,42782.416666666664
2015-12-16,42176.5
2015-12-17,41482.958333333336
2015-12-18,40654.416666666664
2015-12-19,35393.125
2015-12-20,35950.75
2015-12-21,40863.375
2015-12-22,40165.958333333336
2015-12-23,39095.25
2015-12-24,36800.291666666664
2015-12-25,33494.208333333336
2015-12-26,31986.25
2015-12-27,34448.958333333336
2015-12-28,34826.0
2015-12-29,35769.5
2015-12-30,36846.625
2015-12-31,36627.041666666664
2016-01-01,35767.75
2016-01-02,36311.5
2016-01-03,37252.666666666664
2016-01-04,41811.375
2016-01-05,43004.375
2016-01-06,42877.875
2016-01-07,42628.541666666664
2016-01-08,42988.791666666664
2016-01-09,39221.333333333336
2016-01-10,38378.166666666664
2016-01-11,44170.875
2016-01-12,44707.875
2016-01-13,45078.416666666664
2016-01-14,45512.291666666664
2016-01-15,45748.916666666664
2016-01-16,42894.208333333336
2016-01-17,42212.583333333336
2016-01-18,45749.666666666664
2016-01-19,44948.625
2016-01-20,44351.916666666664
2016-01-21,42922.25
2016-01-22,42496.958333333336
2016-01-23,40004.5
2016-01-24,38304.166666666664
2016-01-25,41594.291666666664
2016-01-26,42701.791666666664
2016-01-27,42584.875
2016-01-28,43069.416666666664
2016-01-29,42069.375
2016-01-30,38712.958333333336
2016-01-31,39050.041666666664
2016-02-01,41809.0
2016-02-02,42662.916666666664
2016-02-03,44029.791666666664
2016-02-04,43402.083333333336
2016-02-05,41797.666666666664
2016-02-06,39463.083333333336
2016-02-07,38247.416666666664
2016-02-08,43097.083333333336
2016-02-09,43857.208333333336
2016-02-10,43950.458333333336
2016-02-11,43972.833333333336
2016-02-12,44373.166666666664
2016-02-13,41414.25
2016-02-14,39910.0
2016-02-15,44850.166666666664
2016-02-16,44312.0
2016-02-17,44992.0
2016-02-18,44257.0
2016-02-19,43431.333333333336
2016-02-20,38892.291666666664
2016-02-21,37365.458333333336
2016-02-22,42249.625
2016-02-23,43439.333333333336
2016-02-24,44526.875
2016-02-25,45125.625
2016-02-26,44598.791666666664
2016-02-27,40796.833333333336
2016-02-28,39637.125
2016-02-29,44455.458333333336
2016-03-01,43095.125
2016-03-02,43830.916666666664
2016-03-03,43802.083333333336
2016-03-04,43484.333333333336
2016-03-05,40525.166666666664
2016-03-06,39875.291666666664
2016-03-07,44068.166666666664
2016-03-08,44888.125
2016-03-09,44648.166666666664
2016-03-10,44123.291666666664
2016-03-11,42767.708333333336
2016-03-12,39098.541666666664
2016-03-13,37557.958333333336
2016-03-14,41539.208333333336
2016-03-15,43175.833333333336
2016-03-16,42534.166666666664
2016-03-17,42625.958333333336
2016-03-18,43548.75
2016-03-19,39711.208333333336
2016-03-20,37709.416666666664
2016-03-21,41944.916666666664
2016-03-22,41628.541666666664
2016-03-23,42475.875
2016-03-24,41194.458333333336
2016-03-25,35881.416666666664
2016-03-26,35274.208333333336
2016-03-27,33523.416666666664
2016-03-28,35259.0
2016-03-29,40473.791666666664
2016-03-30,40485.166666666664
2016-03-31,40258.208333333336
2016-04-01,39107.833333333336
2016-04-02,36132.416666666664
2016-04-03,35236.0
2016-04-04,39328.208333333336
2016-04-05,38991.833333333336
2016-04-06,38890.5
2016-04-07,40204.125
2016-04-08,39315.708333333336
2016-04-09,36219.166666666664
2016-04-10,35063.166666666664
2016-04-11,39019.375
2016-04-12,39769.0
2016-04-13,39271.916666666664
2016-04-14,39473.583333333336
2016-04-15,40028.833333333336
2016-04-16,36943.208333333336
2016-04-17,35698.208333333336
2016-04-18,38714.25
2016-04-19,37701.541666666664
2016-04-20,37821.458333333336
2016-04-21,37808.333333333336
2016-04-22,38125.291666666664
2016-04-23,34977.75
2016-04-24,34508.458333333336
2016-04-25,38807.541666666664
2016-04-26,39652.791666666664
2016-04-27,39996.458333333336
2016-04-28,39782.0
2016-04-29,38616.083333333336
2016-04-30,35510.583333333336
2016-05-01,33541.041666666664
2016-05-02,34057.958333333336
2016-05-03,37733.458333333336
2016-05-04,37775.791666666664
2016-05-05,37123.125
2016-05-06,36067.416666666664
2016-05-07,32576.333333333332
2016-05-08,31340.666666666668
2016-05-09,34935.083333333336
2016-05-10,35729.541666666664
2016-05-11,36004.083333333336
2016-05-12,35168.125
2016-05-13,35451.458333333336
2016-05-14,32242.791666666668
2016-05-15,31840.25
2016-05-16,36257.583333333336
2016-05-17,36968.666666666664
2016-05-18,36741.0
2016-05-19,37174.125
2016-05-20,36042.5
2016-05-21,32411.083333333332
2016-05-22,32343.833333333332
2016-05-23,36029.375
2016-05-24,36308.833333333336
2016-05-25,37137.791666666664
2016-05-26,36973.958333333336
2016-05-27,35251.958333333336
2016-05-28,31836.666666666668
2016-05-29,30365.25
2016-05-30,31340.708333333332
2016-05-31,34953.5
2016-06-01,35856.833333333336
2016-06-02,35889.583333333336
2016-06-03,35849.791666666664
2016-06-04,32462.708333333332
2016-06-05,31201.166666666668
2016-06-06,35791.208333333336
2016-06-07,36285.875
2016-06-08,36615.625
2016-06-09,35874.291666666664
2016-06-10,35448.041666666664
2016-06-11,32384.875
2016-06-12,32209.791666666668
2016-06-13,35751.291666666664
2016-06-14,35952.291666666664
2016-06-15,35428.166666666664
2016-06-16,35701.5
2016-06-17,35103.125
2016-06-18,32588.041666666668
2016-06-19,31038.083333333332
2016-06-20,34738.416666666664
2016-06-21,35535.583333333336
2016-06-22,35740.791666666664
2016-06-23,36075.708333333336
2016-06-24,35307.916666666664
2016-06-25,32076.041666666668
2016-06-26,31195.875
2016-06-27,34239.375
2016-06-28,35565.416666666664
2016-06-29,35678.875
2016-06-30,35521.75
2016-07-01,34183.791666666664
2016-07-02,30496.958333333332
2016-07-03,30033.041666666668
2016-07-04,34445.333333333336
2016-07-05,34671.166666666664
2016-07-06,34357.5
2016-07-07,34701.458333333336
2016-07-08,33530.125
2016-07-09,30476.958333333332
2016-07-10,29549.833333333332
2016-07-11,34309.75
2016-07-12,35898.958333333336
2016-07-13,35197.0
2016-07-14,35030.625
2016-07-15,33885.833333333336
2016-07-16,30715.708333333332
2016-07-17,29972.208333333332
2016-07-18,34891.583333333336
2016-07-19,36016.958333333336
2016-07-20,36393.541666666664
2016-07-21,35534.166666666664
2016-07-22,34762.541666666664
2016-07-23,31821.583333333332
2016-07-24,31114.083333333332
2016-07-25,34066.375
2016-07-26,34705.666666666664
2016-07-27,34517.75
2016-07-28,34743.875
2016-07-29,34058.625
2016-07-30,30346.791666666668
2016-07-31,29241.291666666668
2016-08-01,34501.125
2016-08-02,34990.458333333336
2016-08-03,33666.916666666664
2016-08-04,33947.833333333336
2016-08-05,33810.916666666664
2016-08-06,30565.041666666668
2016-08-07,27661.041666666668
2016-08-08,32666.291666666668
2016-08-09,34454.0
2016-08-10,35107.416666666664
2016-08-11,34767.375
2016-08-12,33474.958333333336
2016-08-13,30463.708333333332
2016-08-14,30958.666666666668
2016-08-15,34269.166666666664
2016-08-16,35043.541666666664
2016-08-17,34923.5
2016-08-18,35355.333333333336
2016-08-19,34612.875
2016-08-20,29112.916666666668
2016-08-21,28802.541666666668
2016-08-22,33944.041666666664
2016-08-23,35132.625
2016-08-24,35549.916666666664
2016-08-25,35964.083333333336
2016-08-26,33193.208333333336
2016-08-27,31454.208333333332
2016-08-28,30758.458333333332
2016-08-29,28910.916666666668
2016-08-30,33341.916666666664
2016-08-31,33709.875
2016-09-01,32773.041666666664
2016-09-02,32935.166666666664
2016-09-03,31343.5
2016-09-04,30617.583333333332
2016-09-05,34504.375
2016-09-06,35977.458333333336
2016-09-07,36890.083333333336
2016-09-08,34779.541666666664
2016-09-09,32624.125
2016-09-10,32103.208333333332
2016-09-11,29669.208333333332
2016-09-12,33684.75
2016-09-13,36109.875
2016-09-14,36092.666666666664
2016-09-15,36368.291666666664
2016-09-16,34048.75
2016-09-17,31219.958333333332
2016-09-18,30898.666666666668
2016-09-19,34214.625
2016-09-20,34894.916666666664
2016-09-21,34806.041666666664
2016-09-22,34522.083333333336
2016-09-23,33351.041666666664
2016-09-24,30092.458333333332
2016-09-25,29022.0
2016-09-26,34974.833333333336
2016-09-27,34151.791666666664
2016-09-28,34228.416666666664
2016-09-29,33602.625
2016-09-30,34195.5
2016-10-01,33013.416666666664
2016-10-02,31639.875
2016-10-03,35135.125
2016-10-04,34956.75
2016-10-05,34317.625
2016-10-06,35141.291666666664
2016-10-07,36096.75
2016-10-08,32348.666666666668
2016-10-09,30893.041666666668
2016-10-10,35310.625
2016-10-11,36026.833333333336
2016-10-12,35846.208333333336
2016-10-13,35968.083333333336
2016-10-14,35763.333333333336
2016-10-15,33480.25
2016-10-16,32397.5
2016-10-17,35021.583333333336
2016-10-18,35574.0
2016-10-19,36294.416666666664
2016-10-20,36771.083333333336
2016-10-21,36286.875
2016-10-22,32547.916666666668
2016-10-23,32774.708333333336
2016-10-24,37018.458333333336
2016-10-25,37621.916666666664
2016-10-26,35378.166666666664
2016-10-27,35236.791666666664
2016-10-28,35611.625
2016-10-29,33613.5
2016-10-30,34447.208333333336
2016-10-31,37554.791666666664
2016-11-01,40004.416666666664
2016-11-02,37917.916666666664
2016-11-03,39518.25
2016-11-04,38962.208333333336
2016-11-05,36113.0
2016-11-06,36412.666666666664
2016-11-07,39523.0
2016-11-08,42486.75
2016-11-09,41901.083333333336
2016-11-10,39790.0
2016-11-11,39821.875
2016-11-12,36541.291666666664
2016-11-13,35560.208333333336
2016-11-14,38021.375
2016-11-15,37739.083333333336
2016-11-16,36934.791666666664
2016-11-17,39242.208333333336
2016-11-18,40495.041666666664
2016-11-19,39105.833333333336
2016-11-20,38277.208333333336
2016-11-21,42267.458333333336
2016-11-22,42162.5
2016-11-23,42736.833333333336
2016-11-24,41932.208333333336
2016-11-25,41038.291666666664
2016-11-26,39593.208333333336
2016-11-27,38496.25
2016-11-28,42018.208333333336
2016-11-29,43667.833333333336
2016-11-30,42710.208333333336
2016-12-01,42678.666666666664
2016-12-02,42458.458333333336
2016-12-03,39278.25
2016-12-04,38939.25
2016-12-05,43921.041666666664
2016-12-06,42826.916666666664
2016-12-07,40007.791666666664
2016-12-08,40075.583333333336
2016-12-09,38810.791666666664
2016-12-10,36684.583333333336
2016-12-11,36113.958333333336
2016-12-12,41093.708333333336
2016-12-13,40486.541666666664
2016-12-14,38420.75
2016-12-15,39596.25
2016-12-16,39079.958333333336
2016-12-17,37176.541666666664
2016-12-18,37361.708333333336
2016-12-19,40109.125
2016-12-20,39391.916666666664
2016-12-21,40123.625
2016-12-22,39129.291666666664
2016-12-23,38442.916666666664
2016-12-24,36041.333333333336
2016-12-25,31542.791666666668
2016-12-26,31733.708333333332
2016-12-27,36213.75
2016-12-28,38991.166666666664
2016-12-29,39317.791666666664
2016-12-30,38373.541666666664
2016-12-31,36060.541666666664
2017-01-01,32653.833333333332
2017-01-02,34420.833333333336
2017-01-03,38745.958333333336
2017-01-04,39049.875
2017-01-05,41320.833333333336
2017-01-06,40552.75
2017-01-07,35556.75
2017-01-08,34482.416666666664
2017-01-09,37590.125
2017-01-10,38153.208333333336
2017-01-11,38060.583333333336
2017-01-12,40425.791666666664
2017-01-13,40475.625
2017-01-14,37340.041666666664
2017-01-15,35837.541666666664
2017-01-16,38862.541666666664
2017-01-17,39009.166666666664
2017-01-18,39760.416666666664
2017-01-19,39351.791666666664
2017-01-20,39139.916666666664
2017-01-21,37476.833333333336
2017-01-22,37029.791666666664
2017-01-23,41090.083333333336
2017-01-24,39908.75
2017-01-25,39864.875
2017-01-26,42496.375
2017-01-27,41905.875
2017-01-28,37097.541666666664
2017-01-29,36814.041666666664
2017-01-30,40238.208333333336
2017-01-31,38591.041666666664
2017-02-01,39265.208333333336
2017-02-02,39188.958333333336
2017-02-03,38805.291666666664
2017-02-04,36343.291666666664
2017-02-05,36721.166666666664
2017-02-06,40155.416666666664
2017-02-07,39842.0
2017-02-08,40310.708333333336
2017-02-09,41682.291666666664
2017-02-10,41838.208333333336
2017-02-11,39277.333333333336
2017-02-12,38464.875
2017-02-13,40640.5
2017-02-14,40655.958333333336
2017-02-15,39822.75
2017-02-16,38004.416666666664
2017-02-17,38810.875
2017-02-18,34789.625
2017-02-19,34183.375
2017-02-20,35280.416666666664
2017-02-21,37702.541666666664
2017-02-22,37223.75
2017-02-23,38723.458333333336
2017-02-24,38833.75
2017-02-25,34864.708333333336
2017-02-26,34467.208333333336
2017-02-27,39849.833333333336
2017-02-28,41452.0
2017-03-01,40412.666666666664
2017-03-02,39481.166666666664
2017-03-03,40186.083333333336
2017-03-04,36127.375
2017-03-05,35941.416666666664
2017-03-06,39706.541666666664
2017-03-07,39276.416666666664
2017-03-08,38902.875
2017-03-09,37264.291666666664
2017-03-10,38607.5
2017-03-11,34948.791666666664
2017-03-12,34082.166666666664
2017-03-13,37843.833333333336
2017-03-14,37515.375
2017-03-15,37317.833333333336
2017-03-16,38050.5
2017-03-17,37948.916666666664
2017-03-18,33932.125
2017-03-19,31787.666666666668
2017-03-20,37124.958333333336
2017-03-21,37513.875
2017-03-22,38889.208333333336
2017-03-23,39105.25
2017-03-24,38467.291666666664
2017-03-25,34491.791666666664
2017-03-26,34251.619047619046
2017-03-27,38487.708333333336
2017-03-28,38034.666666666664
2017-03-29,37406.166666666664
2017-03-30,35850.375
2017-03-31,34776.75
2017-04-01,32894.541666666664
2017-04-02,32126.416666666668
2017-04-03,35724.375
2017-04-04,36171.5
2017-04-05,35436.708333333336
2017-04-06,35250.5
2017-04-07,35238.083333333336
2017-04-08,31889.208333333332
2017-04-09,30354.333333333332
2017-04-10,34261.708333333336
2017-04-11,34756.708333333336
2017-04-12,34914.166666666664
2017-04-13,35131.75
2017-04-14,32593.375
2017-04-15,30112.625
2017-04-16,30250.0
2017-04-17,32244.833333333332
2017-04-18,35509.0
2017-04-19,35713.166666666664
2017-04-20,35932.833333333336
2017-04-21,35001.833333333336
2017-04-22,31613.375
2017-04-23,30797.708333333332
2017-04-24,35880.375
2017-04-25,37394.708333333336
2017-04-26,37754.083333333336
2017-04-27,37480.916666666664
2017-04-28,36462.708333333336
2017-04-29,32653.708333333332
2017-04-30,30389.083333333332
2017-05-01,32330.5
2017-05-02,35529.625
2017-05-03,35463.875
2017-05-04,34689.25
2017-05-05,34659.708333333336
2017-05-06,31674.666666666668
2017-05-07,30720.208333333332
2017-05-08,35507.25
2017-05-09,35469.958333333336
2017-05-10,34861.166666666664
2017-05-11,34868.0
2017-05-12,34682.833333333336
2017-05-13,30241.666666666668
2017-05-14,29589.5
2017-05-15,33289.875
2017-05-16,33358.375
2017-05-17,34305.666666666664
2017-05-18,34245.875
2017-05-19,34379.625
2017-05-20,30544.583333333332
2017-05-21,29685.875
2017-05-22,33605.625
2017-05-23,33976.958333333336
2017-05-24,33646.875
2017-05-25,34351.833333333336
2017-05-26,32661.291666666668
2017-05-27,28478.25
2017-05-28,27897.333333333332
2017-05-29,28935.833333333332
2017-05-30,31763.541666666668
2017-05-31,32929.208333333336
2017-06-01,32202.291666666668
2017-06-02,32331.166666666668
2017-06-03,28753.541666666668
2017-06-04,27913.166666666668
2017-06-05,32641.083333333332
2017-06-06,33755.75
2017-06-07,32836.833333333336
2017-06-08,33331.541666666664
2017-06-09,33170.958333333336
2017-06-10,29204.875
2017-06-11,27473.833333333332
2017-06-12,31727.083333333332
2017-06-13,33397.333333333336
2017-06-14,33379.416666666664
2017-06-15,32835.625
2017-06-16,31540.958333333332
2017-06-17,29880.541666666668
2017-06-18,29248.75
2017-06-19,33739.708333333336
2017-06-20,33447.791666666664
2017-06-21,33161.875
2017-06-22,32850.208333333336
2017-06-23,31143.208333333332
2017-06-24,28027.125
2017-06-25,27071.166666666668
2017-06-26,31773.291666666668
2017-06-27,32065.166666666668
2017-06-28,32691.708333333332
2017-06-29,33006.625
2017-06-30,32609.75
2017-07-01,28799.416666666668
2017-07-02,27711.375
2017-07-03,32066.333333333332
2017-07-04,33516.875
2017-07-05,33717.625
2017-07-06,34602.0
2017-07-07,33654.666666666664
2017-07-08,29695.75
2017-07-09,28985.375
2017-07-10,33405.666666666664
2017-07-11,34057.083333333336
2017-07-12,33370.25
2017-07-13,33248.458333333336
2017-07-14,32323.291666666668
2017-07-15,29032.833333333332
2017-07-16,28683.25
2017-07-17,32329.125
2017-07-18,33176.208333333336
2017-07-19,34783.416666666664
2017-07-20,32930.916666666664
2017-07-21,32514.041666666668
2017-07-22,29402.458333333332
2017-07-23,28730.333333333332
2017-07-24,31732.958333333332
2017-07-25,32730.916666666668
2017-07-26,32432.041666666668
2017-07-27,31784.541666666668
2017-07-28,31181.0
2017-07-29,28476.833333333332
2017-07-30,27514.041666666668
2017-07-31,31319.333333333332
2017-08-01,31711.166666666668
2017-08-02,32094.875
2017-08-03,31421.916666666668
2017-08-04,31207.166666666668
2017-08-05,28559.375
2017-08-06,27533.333333333332
2017-08-07,31857.25
2017-08-08,32755.416666666668
2017-08-09,32802.791666666664
2017-08-10,32386.083333333332
2017-08-11,32015.291666666668
2017-08-12,28918.791666666668
2017-08-13,27993.5
2017-08-14,32480.708333333332
2017-08-15,32452.833333333332
2017-08-16,32522.625
2017-08-17,32681.375
2017-08-18,31729.791666666668
2017-08-19,27291.5
2017-08-20,28382.208333333332
2017-08-21,33011.666666666664
2017-08-22,33564.791666666664
2017-08-23,33512.541666666664
2017-08-24,32620.208333333332
2017-08-25,31897.833333333332
2017-08-26,29563.0
2017-08-27,28424.041666666668
2017-08-28,28355.25
2017-08-29,33372.458333333336
2017-08-30,33474.708333333336
2017-08-31,33364.083333333336
2017-09-01,32585.75
2017-09-02,29806.625
2017-09-03,29064.416666666668
2017-09-04,33639.208333333336
2017-09-05,34307.208333333336
2017-09-06,33477.0
2017-09-07,33917.291666666664
2017-09-08,33257.458333333336
2017-09-09,30395.708333333332
2017-09-10,29389.166666666668
2017-09-11,32045.0
2017-09-12,32584.333333333332
2017-09-13,33104.916666666664
2017-09-14,33655.416666666664
2017-09-15,33501.291666666664
2017-09-16,30539.458333333332
2017-09-17,29760.875
2017-09-18,32950.0
2017-09-19,33393.5
2017-09-20,32705.041666666668
2017-09-21,33722.5
2017-09-22,33077.5
2017-09-23,30198.833333333332
2017-09-24,29657.583333333332
2017-09-25,34023.666666666664
2017-09-26,34139.875
2017-09-27,33786.458333333336
2017-09-28,34053.333333333336
2017-09-29,34287.666666666664
2017-09-30,31516.583333333332
2017-10-01,30170.916666666668
2017-10-02,31638.958333333332
2017-10-03,33095.125
2017-10-04,32762.125
2017-10-05,33517.375
2017-10-06,34421.541666666664
2017-10-07,30798.833333333332
2017-10-08,31360.25
2017-10-09,33491.083333333336
2017-10-10,31871.791666666668
2017-10-11,32338.666666666668
2017-10-12,32700.708333333332
2017-10-13,31178.708333333332
2017-10-14,30827.041666666668
2017-10-15,30039.958333333332
2017-10-16,33026.166666666664
2017-10-17,32648.375
2017-10-18,33564.791666666664
2017-10-19,33426.333333333336
2017-10-20,32679.083333333332
2017-10-21,30954.5
2017-10-22,30330.458333333332
2017-10-23,33629.541666666664
2017-10-24,32479.125
2017-10-25,31782.041666666668
2017-10-26,33682.291666666664
2017-10-27,32426.125
2017-10-28,30725.666666666668
2017-10-29,30728.958333333332
2017-10-30,35447.291666666664
2017-10-31,34757.0
2017-11-01,36359.166666666664
2017-11-02,35269.208333333336
2017-11-03,33870.958333333336
2017-11-04,34006.5
2017-11-05,33609.041666666664
2017-11-06,36316.791666666664
2017-11-07,35060.541666666664
2017-11-08,35159.416666666664
2017-11-09,35019.666666666664
2017-11-10,33758.416666666664
2017-11-11,34079.666666666664
2017-11-12,34423.083333333336
2017-11-13,38086.791666666664
2017-11-14,35814.041666666664
2017-11-15,35179.541666666664
2017-11-16,34225.916666666664
2017-11-17,34902.791666666664
2017-11-18,32486.041666666668
2017-11-19,34106.416666666664
2017-11-20,35299.333333333336
2017-11-21,34736.5
2017-11-22,35107.875
2017-11-23,35634.958333333336
2017-11-24,36609.041666666664
2017-11-25,36454.125
2017-11-26,36248.208333333336
2017-11-27,37544.333333333336
2017-11-28,38301.75
2017-11-29,37591.708333333336
2017-11-30,38041.458333333336
2017-12-01,37827.083333333336
2017-12-02,35562.25
2017-12-03,34225.5
2017-12-04,36695.666666666664
2017-12-05,36693.625
2017-12-06,35996.583333333336
2017-12-07,36469.75
2017-12-08,39072.291666666664
2017-12-09,37118.791666666664
2017-12-10,39589.166666666664
2017-12-11,42847.041666666664
2017-12-12,43034.125
2017-12-13,41944.875
2017-12-14,41975.375
2017-12-15,41183.75
2017-12-16,40095.625
2017-12-17,38653.541666666664
2017-12-18,40642.541666666664
2017-12-19,40100.083333333336
2017-12-20,38226.75
2017-12-21,37859.875
2017-12-22,36816.25
2017-12-23,34312.666666666664
2017-12-24,32278.083333333332
2017-12-25,30255.75
2017-12-26,32119.75
2017-12-27,36625.833333333336
2017-12-28,37704.416666666664
2017-12-29,38333.208333333336
2017-12-30,35413.541666666664
2017-12-31,33053.041666666664
2018-01-01,33337.416666666664
2018-01-02,39282.208333333336
2018-01-03,39751.0
2018-01-04,40728.541666666664
2018-01-05,40915.5
2018-01-06,38793.541666666664
2018-01-07,38113.916666666664
2018-01-08,43406.916666666664
2018-01-09,43230.375
2018-01-10,41864.291666666664
2018-01-11,42103.25
2018-01-12,42190.458333333336
2018-01-13,38250.666666666664
2018-01-14,37745.0
2018-01-15,40680.125
2018-01-16,42035.708333333336
2018-01-17,42609.333333333336
2018-01-18,42439.333333333336
2018-01-19,42424.25
2018-01-20,39598.875
2018-01-21,39670.291666666664
2018-01-22,40803.041666666664
2018-01-23,39860.125
2018-01-24,40032.333333333336
2018-01-25,40502.0
2018-01-26,40720.25
2018-01-27,36848.458333333336
2018-01-28,35079.625
2018-01-29,38858.833333333336
2018-01-30,40920.833333333336
2018-01-31,40703.5
2018-02-01,41391.916666666664
2018-02-02,40805.333333333336
2018-02-03,39261.041666666664
2018-02-04,37895.75
2018-02-05,42729.916666666664
2018-02-06,43013.833333333336
2018-02-07,42570.125
2018-02-08,41269.625
2018-02-09,41496.708333333336
2018-02-10,38632.125
2018-02-11,36955.291666666664
2018-02-12,41697.375
2018-02-13,42100.708333333336
2018-02-14,42461.041666666664
2018-02-15,40439.041666666664
2018-02-16,40624.916666666664
2018-02-17,37005.833333333336
2018-02-18,36926.375
2018-02-19,39680.583333333336
2018-02-20,38731.833333333336
2018-02-21,40798.041666666664
2018-02-22,41740.125
2018-02-23,42189.375
2018-02-24,38102.75
2018-02-25,38179.333333333336
2018-02-26,43174.5
2018-02-27,42257.666666666664
2018-02-28,42665.041666666664
2018-03-01,45194.666666666664
2018-03-02,45213.041666666664
2018-03-03,41835.375
2018-03-04,39698.208333333336
2018-03-05,42081.916666666664
2018-03-06,41353.416666666664
2018-03-07,41229.916666666664
2018-03-08,40873.875
2018-03-09,40548.625
2018-03-10,36147.416666666664
2018-03-11,34607.791666666664
2018-03-12,39497.958333333336
2018-03-13,39648.375
2018-03-14,38739.833333333336
2018-03-15,38571.083333333336
2018-03-16,37622.083333333336
2018-03-17,37675.666666666664
2018-03-18,39073.25
2018-03-19,42350.25
2018-03-20,41985.583333333336
2018-03-21,39721.291666666664
2018-03-22,37313.083333333336
2018-03-23,36739.583333333336
2018-03-24,35556.0
2018-03-25,33872.333333333336
2018-03-26,37786.875
2018-03-27,38206.333333333336
2018-03-28,39009.958333333336
2018-03-29,38662.0
2018-03-30,35925.0
2018-03-31,34317.833333333336
2018-04-01,34153.166666666664
2018-04-02,34986.958333333336
2018-04-03,37058.958333333336
2018-04-04,37897.291666666664
2018-04-05,37478.833333333336
2018-04-06,36098.291666666664
2018-04-07,33296.541666666664
2018-04-08,32596.5
2018-04-09,36820.666666666664
2018-04-10,37837.0
2018-04-11,37610.041666666664
2018-04-12,38180.375
2018-04-13,37256.833333333336
2018-04-14,33302.083333333336
2018-04-15,32744.125
2018-04-16,35233.416666666664
2018-04-17,34544.208333333336
2018-04-18,34424.25
2018-04-19,33986.5
2018-04-20,33362.041666666664
2018-04-21,30101.583333333332
2018-04-22,29240.875
2018-04-23,32632.166666666668
2018-04-24,34231.708333333336
2018-04-25,34289.166666666664
2018-04-26,33812.708333333336
2018-04-27,35374.791666666664
2018-04-28,32775.125
2018-04-29,31803.75
2018-04-30,35981.25
2018-05-01,35272.291666666664
2018-05-02,35366.291666666664
2018-05-03,35065.416666666664
2018-05-04,33968.208333333336
2018-05-05,30249.375
2018-05-06,28438.916666666668
2018-05-07,29619.791666666668
2018-05-08,33448.041666666664
2018-05-09,33650.541666666664
2018-05-10,33479.208333333336
2018-05-11,32646.375
2018-05-12,31161.958333333332
2018-05-13,30081.208333333332
2018-05-14,32449.75
2018-05-15,32820.583333333336
2018-05-16,32377.208333333332
2018-05-17,33507.833333333336
2018-05-18,32958.875
2018-05-19,29212.916666666668
2018-05-20,28633.083333333332
2018-05-21,33035.25
2018-05-22,32182.0
2018-05-23,33227.541666666664
2018-05-24,33846.916666666664
2018-05-25,33197.958333333336
2018-05-26,28697.125
2018-05-27,27394.166666666668
2018-05-28,28720.416666666668
2018-05-29,31863.166666666668
2018-05-30,32520.458333333332
2018-05-31,32497.083333333332
2018-06-01,32480.791666666668
2018-06-02,29837.916666666668
2018-06-03,29049.0
2018-06-04,33033.666666666664
2018-06-05,32632.166666666668
2018-06-06,32727.375
2018-06-07,32904.666666666664
2018-06-08,32319.583333333332
2018-06-09,29011.0
2018-06-10,28917.458333333332
2018-06-11,32223.0
2018-06-12,32746.833333333332
2018-06-13,32057.458333333332
2018-06-14,30991.166666666668
2018-06-15,31942.208333333332
2018-06-16,29345.833333333332
2018-06-17,28504.625
2018-06-18,31882.75
2018-06-19,32656.583333333332
2018-06-20,31702.625
2018-06-21,31157.291666666668
2018-06-22,31194.666666666668
2018-06-23,28402.708333333332
2018-06-24,27832.25
2018-06-25,32273.666666666668
2018-06-26,32987.75
2018-06-27,32424.083333333332
2018-06-28,31563.625
2018-06-29,31897.125
2018-06-30,29330.083333333332
2018-07-01,29153.5
2018-07-02,32303.125
2018-07-03,32419.041666666668
2018-07-04,32747.416666666668
2018-07-05,33854.25
2018-07-06,32713.333333333332
2018-07-07,30486.958333333332
2018-07-08,29906.458333333332
2018-07-09,33990.916666666664
2018-07-10,33725.583333333336
2018-07-11,33370.583333333336
2018-07-12,33513.208333333336
2018-07-13,32846.0
2018-07-14,30036.333333333332
2018-07-15,29541.541666666668
2018-07-16,33719.875
2018-07-17,33321.625
2018-07-18,33511.5
2018-07-19,33741.666666666664
2018-07-20,32718.333333333332
2018-07-21,29599.583333333332
2018-07-22,29202.166666666668
2018-07-23,33779.333333333336
2018-07-24,33410.958333333336
2018-07-25,33435.833333333336
2018-07-26,33793.0
2018-07-27,32500.833333333332
2018-07-28,26438.083333333332
2018-07-29,26149.916666666668
2018-07-30,31935.833333333332
2018-07-31,32192.25
2018-08-01,31841.625
2018-08-02,32400.375
2018-08-03,31977.333333333332
2018-08-04,29504.791666666668
2018-08-05,28781.333333333332
2018-08-06,31380.791666666668
2018-08-07,31807.541666666668
2018-08-08,32276.166666666668
2018-08-09,32548.083333333332
2018-08-10,31525.625
2018-08-11,29025.458333333332
2018-08-12,28426.541666666668
2018-08-13,32206.833333333332
2018-08-14,32034.166666666668
2018-08-15,32182.125
2018-08-16,32300.125
2018-08-17,31811.541666666668
2018-08-18,28295.583333333332
2018-08-19,28166.875
2018-08-20,32019.166666666668
2018-08-21,32087.5
2018-08-22,32124.125
2018-08-23,31850.916666666668
2018-08-24,30910.916666666668
2018-08-25,28220.041666666668
2018-08-26,28277.958333333332
2018-08-27,26847.791666666668
2018-08-28,31613.958333333332
2018-08-29,32118.083333333332
2018-08-30,32342.166666666668
2018-08-31,31559.083333333332
2018-09-01,29185.291666666668
2018-09-02,28504.375
2018-09-03,31353.875
2018-09-04,31481.541666666668
2018-09-05,31999.625
2018-09-06,31937.083333333332
2018-09-07,31253.833333333332
2018-09-08,29217.625
2018-09-09,27628.083333333332
2018-09-10,31031.75
2018-09-11,31334.708333333332
2018-09-12,32721.916666666668
2018-09-13,31367.708333333332
2018-09-14,31212.708333333332
2018-09-15,30096.333333333332
2018-09-16,27100.333333333332
2018-09-17,31728.541666666668
2018-09-18,31075.416666666668
2018-09-19,31238.458333333332
2018-09-20,32744.458333333332
2018-09-21,30678.375
2018-09-22,30488.25
2018-09-23,30950.333333333332
2018-09-24,34019.25
2018-09-25,34625.5
2018-09-26,33637.458333333336
2018-09-27,33660.5
2018-09-28,33292.541666666664
2018-09-29,29941.25
2018-09-30,30263.25
2018-10-01,34093.0
2018-10-02,31958.875
2018-10-03,34076.541666666664
2018-10-04,33232.791666666664
2018-10-05,33595.458333333336
2018-10-06,31218.666666666668
2018-10-07,31004.208333333332
2018-10-08,33478.5
2018-10-09,32596.958333333332
2018-10-10,34580.041666666664
2018-10-11,33259.666666666664
2018-10-12,32554.666666666668
2018-10-13,29193.291666666668
2018-10-14,30679.458333333332
2018-10-15,34226.0
2018-10-16,33879.291666666664
2018-10-17,33374.708333333336
2018-10-18,34831.041666666664
2018-10-19,33503.5
2018-10-20,31629.166666666668
2018-10-21,30555.5
2018-10-22,34270.625
2018-10-23,33925.375
2018-10-24,33411.125
2018-10-25,34035.75
2018-10-26,33995.5
2018-10-27,33415.416666666664
2018-10-28,33561.875
2018-10-29,37584.041666666664
2018-10-30,37323.125
2018-10-31,36909.291666666664
2018-11-01,38040.25
2018-11-02,37018.5
2018-11-03,32314.583333333332
2018-11-04,33004.541666666664
2018-11-05,35634.791666666664
2018-11-06,36220.166666666664
2018-11-07,36360.625
2018-11-08,36419.416666666664
2018-11-09,37112.791666666664
2018-11-10,33507.458333333336
2018-11-11,33727.666666666664
2018-11-12,35385.083333333336
2018-11-13,36498.5
2018-11-14,36307.333333333336
2018-11-15,36952.041666666664
2018-11-16,37036.125
2018-11-17,34631.791666666664
2018-11-18,34394.666666666664
2018-11-19,36343.166666666664
2018-11-20,37607.541666666664
2018-11-21,37492.0
2018-11-22,38728.375
2018-11-23,37270.25
2018-11-24,36303.0
2018-11-25,36283.458333333336
2018-11-26,38434.666666666664
2018-11-27,39161.541666666664
2018-11-28,39300.791666666664
2018-11-29,37730.375
2018-11-30,36039.166666666664
2018-12-01,35357.541666666664
2018-12-02,32928.333333333336
2018-12-03,36615.458333333336
2018-12-04,39981.625
2018-12-05,40127.625
2018-12-06,38588.875
2018-12-07,37250.5
2018-12-08,34390.458333333336
2018-12-09,34827.333333333336
2018-12-10,39473.958333333336
2018-12-11,40417.916666666664
2018-12-12,37585.958333333336
2018-12-13,39528.375
2018-12-14,35206.375
2018-12-15,34237.583333333336
2018-12-16,37347.25
2018-12-17,40064.291666666664
2018-12-18,39203.666666666664
2018-12-19,40284.375
2018-12-20,39598.375
2018-12-21,37595.791666666664
2018-12-22,34122.875
2018-12-23,34059.291666666664
2018-12-24,35051.583333333336
2018-12-25,32494.583333333332
2018-12-26,30862.416666666668
2018-12-27,33921.541666666664
2018-12-28,34346.833333333336
2018-12-29,32066.5
2018-12-30,31835.25
2018-12-31,32225.125
2019-01-01,30592.375
2019-01-02,37440.125
2019-01-03,39138.833333333336
2019-01-04,39922.458333333336
2019-01-05,37383.041666666664
2019-01-06,35323.208333333336
2019-01-07,37453.125
2019-01-08,38627.333333333336
2019-01-09,40233.291666666664
2019-01-10,39064.75
2019-01-11,38832.291666666664
2019-01-12,35547.5
2019-01-13,34133.708333333336
2019-01-14,38782.708333333336
2019-01-15,38517.541666666664
2019-01-16,38754.458333333336
2019-01-17,40088.458333333336
2019-01-18,41494.083333333336
2019-01-19,38140.166666666664
2019-01-20,37862.291666666664
2019-01-21,39643.75
2019-01-22,40273.208333333336
2019-01-23,40660.333333333336
2019-01-24,40840.25
2019-01-25,37632.375
2019-01-26,35202.958333333336
2019-01-27,35269.916666666664
2019-01-28,40789.458333333336
2019-01-29,42223.541666666664
2019-01-30,42164.791666666664
2019-01-31,43807.375
2019-02-01,42558.625
2019-02-02,38841.375
2019-02-03,38789.875
2019-02-04,39791.125
2019-02-05,41266.833333333336
2019-02-06,40521.416666666664
2019-02-07,40377.375
2019-02-08,39455.875
2019-02-09,35563.875
2019-02-10,36097.166666666664
2019-02-11,39830.166666666664
2019-02-12,39940.375
2019-02-13,39918.041666666664
2019-02-14,40316.583333333336
2019-02-15,39723.125
2019-02-16,34653.625
2019-02-17,32784.666666666664
2019-02-18,37519.916666666664
2019-02-19,39747.25
2019-02-20,38890.375
2019-02-21,38875.166666666664
2019-02-22,38340.541666666664
2019-02-23,34803.25
2019-02-24,34822.166666666664
2019-02-25,38312.375
2019-02-26,37693.916666666664
2019-02-27,37372.5
2019-02-28,37528.625
2019-03-01,38467.541666666664
2019-03-02,34144.375
2019-03-03,33104.583333333336
2019-03-04,37664.208333333336
2019-03-05,38541.583333333336
2019-03-06,39203.416666666664
2019-03-07,38895.208333333336
2019-03-08,39380.291666666664
2019-03-09,34116.5
2019-03-10,35467.375
2019-03-11,39082.041666666664
2019-03-12,40241.041666666664
2019-03-13,39098.666666666664
2019-03-14,38117.125
2019-03-15,37492.75
2019-03-16,35349.541666666664
2019-03-17,34754.0
2019-03-18,37948.916666666664
2019-03-19,38507.708333333336
2019-03-20,36333.208333333336
2019-03-21,37293.833333333336
2019-03-22,36738.416666666664
2019-03-23,33719.625
2019-03-24,32328.791666666668
2019-03-25,36451.416666666664
2019-03-26,37484.625
2019-03-27,37505.458333333336
2019-03-28,35713.291666666664
2019-03-29,35921.958333333336
2019-03-30,33026.958333333336
2019-03-31,31666.166666666668
2019-04-01,35264.208333333336
2019-04-02,38939.833333333336
2019-04-03,38709.291666666664
2019-04-04,38152.0
2019-04-05,35794.833333333336
2019-04-06,33755.0
2019-04-07,32617.416666666668
2019-04-08,34706.791666666664
2019-04-09,35267.208333333336
2019-04-10,35712.25
2019-04-11,36026.041666666664
2019-04-12,36482.583333333336
2019-04-13,33419.875
2019-04-14,33019.833333333336
2019-04-15,35647.333333333336
2019-04-16,35310.5
2019-04-17,34045.25
2019-04-18,33320.125
2019-04-19,29708.75
2019-04-20,28055.708333333332
2019-04-21,26833.041666666668
2019-04-22,28388.0
2019-04-23,31739.458333333332
2019-04-24,32820.833333333336
2019-04-25,33237.208333333336
2019-04-26,33239.791666666664
2019-04-27,30988.625
2019-04-28,31106.541666666668
2019-04-29,35561.083333333336
2019-04-30,34929.791666666664
2019-05-01,34654.541666666664
2019-05-02,34683.208333333336
2019-05-03,35632.75
2019-05-04,30661.333333333332
2019-05-05,31102.083333333332
2019-05-06,31877.333333333332
2019-05-07,34738.958333333336
2019-05-08,35563.625
2019-05-09,34853.25
2019-05-10,35315.291666666664
2019-05-11,31118.458333333332
2019-05-12,30564.208333333332
2019-05-13,31800.25
2019-05-14,31770.958333333332
2019-05-15,33919.791666666664
2019-05-16,33594.791666666664
2019-05-17,33977.791666666664
2019-05-18,30981.958333333332
2019-05-19,30502.333333333332
2019-05-20,31500.25
2019-05-21,30456.208333333332
2019-05-22,33078.541666666664
2019-05-23,32738.791666666668
2019-05-24,31944.833333333332
2019-05-25,28644.708333333332
2019-05-26,26738.208333333332
2019-05-27,28377.833333333332
2019-05-28,32376.625
2019-05-29,33723.375
2019-05-30,32644.0
2019-05-31,31721.583333333332
2019-06-01,29165.708333333332
2019-06-02,27196.791666666668
2019-06-03,29935.291666666668
2019-06-04,32854.041666666664
2019-06-05,32246.291666666668
2019-06-06,32263.125
2019-06-07,32286.458333333332
2019-06-08,28535.25
2019-06-09,28568.208333333332
2019-06-10,33128.833333333336
2019-06-11,32134.625
2019-06-12,34063.875
2019-06-13,19841.791666666668
2019-06-14,33463.291666666664
2019-06-15,30055.958333333332
2019-06-16,28862.083333333332
2019-06-17,31540.666666666668
2019-06-18,32675.166666666668
2019-06-19,32783.291666666664
2019-06-20,30894.708333333332
2019-06-21,31528.708333333332
2019-06-22,29036.75
2019-06-23,26974.166666666668
2019-06-24,31776.916666666668
2019-06-25,31738.458333333332
2019-06-26,32158.333333333332
2019-06-27,32755.0
2019-06-28,31172.875
2019-06-29,29749.375
2019-06-30,26400.833333333332
2019-07-01,30617.125
2019-07-02,32206.083333333332
2019-07-03,32206.833333333332
2019-07-04,31863.5
2019-07-05,31626.291666666668
2019-07-06,28539.916666666668
2019-07-07,27944.041666666668
2019-07-08,31495.541666666668
2019-07-09,32210.041666666668
2019-07-10,33147.833333333336
2019-07-11,31695.541666666668
2019-07-12,32642.083333333332
2019-07-13,29250.541666666668
2019-07-14,28592.291666666668
2019-07-15,32428.0
2019-07-16,32933.375
2019-07-17,32218.458333333332
2019-07-18,31738.666666666668
2019-07-19,30868.208333333332
2019-07-20,28217.416666666668
2019-07-21,27815.916666666668
2019-07-22,29785.25
2019-07-23,31516.875
2019-07-24,24892.25
2019-07-25,26429.416666666668
2019-07-26,31434.625
2019-07-27,28912.666666666668
2019-07-28,27884.25
2019-07-29,30499.791666666668
2019-07-30,30589.833333333332
2019-07-31,30123.458333333332
2019-08-01,30399.208333333332
2019-08-02,30272.958333333332
2019-08-03,29086.125
2019-08-04,28490.333333333332
2019-08-05,31928.708333333332
2019-08-06,31018.708333333332
2019-08-07,30486.083333333332
2019-08-08,31269.333333333332
2019-08-09,30323.583333333332
2019-08-10,26705.5
2019-08-11,26255.125
2019-08-12,31199.291666666668
2019-08-13,31881.416666666668
2019-08-14,32460.75
2019-08-15,31200.5
2019-08-16,30783.875
2019-08-17,25657.125
2019-08-18,24685.708333333332
2019-08-19,30077.291666666668
2019-08-20,31586.041666666668
2019-08-21,32390.25
2019-08-22,31123.666666666668
2019-08-23,31471.0
2019-08-24,28650.083333333332
2019-08-25,28167.25
2019-08-26,27173.791666666668
2019-08-27,31192.791666666668
2019-08-28,29861.75
2019-08-29,29249.833333333332
2019-08-30,28629.166666666668
2019-08-31,26341.666666666668
2019-09-01,26054.791666666668
2019-09-02,30524.416666666668
2019-09-03,30713.458333333332
2019-09-04,30409.166666666668
2019-09-05,30768.25
2019-09-06,30189.5
2019-09-07,27872.791666666668
2019-09-08,28139.916666666668
2019-09-09,32335.833333333332
2019-09-10,32890.666666666664
2019-09-11,31508.166666666668
2019-09-12,32093.5
2019-09-13,31505.041666666668
2019-09-14,28314.0
2019-09-15,27535.125
2019-09-16,31851.583333333332
2019-09-17,31189.0
2019-09-18,32459.416666666668
2019-09-19,32241.083333333332
2019-09-20,31020.375
2019-09-21,27372.5
2019-09-22,28889.791666666668
2019-09-23,29434.625
2019-09-24,30828.333333333332
2019-09-25,32284.625
2019-09-26,31008.041666666668
2019-09-27,31728.125
2019-09-28,28843.791666666668
2019-09-29,29395.291666666668
2019-09-30,33073.875
2019-10-01,31527.041666666668
2019-10-02,32558.75
2019-10-03,34164.708333333336
2019-10-04,32381.208333333332
2019-10-05,31634.458333333332
2019-10-06,29442.583333333332
2019-10-07,32095.291666666668
2019-10-08,31165.583333333332
2019-10-09,32743.291666666668
2019-10-10,33096.5
2019-10-11,33076.833333333336
2019-10-12,31767.291666666668
2019-10-13,31403.5
2019-10-14,35276.458333333336
2019-10-15,34718.708333333336
2019-10-16,34351.25
2019-10-17,33769.25
2019-10-18,34154.958333333336
2019-10-19,32397.041666666668
2019-10-20,31584.708333333332
2019-10-21,33141.666666666664
2019-10-22,33545.833333333336
2019-10-23,34776.458333333336
2019-10-24,35786.875
2019-10-25,35661.583333333336
2019-10-26,33196.0
2019-10-27,31647.416666666668
2019-10-28,37329.708333333336
2019-10-29,36448.458333333336
2019-10-30,33929.833333333336
2019-10-31,35555.375
2019-11-01,37199.25
2019-11-02,33927.25
2019-11-03,33462.333333333336
2019-11-04,37847.5
2019-11-05,36474.083333333336
2019-11-06,37127.958333333336
2019-11-07,38699.875
2019-11-08,37785.375
2019-11-09,38113.916666666664
2019-11-10,36036.833333333336
2019-11-11,38594.958333333336
2019-11-12,38960.291666666664
2019-11-13,39560.708333333336
2019-11-14,38868.333333333336
2019-11-15,37801.333333333336
2019-11-16,36376.875
2019-11-17,36391.916666666664
2019-11-18,38408.75
2019-11-19,39115.333333333336
2019-11-20,37749.875
2019-11-21,39652.083333333336
2019-11-22,39946.958333333336
2019-11-23,35780.0
2019-11-24,35994.583333333336
2019-11-25,38464.416666666664
2019-11-26,38025.708333333336
2019-11-27,38990.291666666664
2019-11-28,38526.375
2019-11-29,40081.0
2019-11-30,39251.708333333336
2019-12-01,37664.25
2019-12-02,40264.666666666664
2019-12-03,39166.625
2019-12-04,37964.25
2019-12-05,37070.083333333336
2019-12-06,35835.0
2019-12-07,33989.25
2019-12-08,31669.916666666668
2019-12-09,38157.0
2019-12-10,38814.208333333336
2019-12-11,38276.041666666664
2019-12-12,40772.708333333336
2019-12-13,40294.458333333336
2019-12-14,36822.291666666664
2019-12-15,36418.041666666664
2019-12-16,40035.375
2019-12-17,40799.541666666664
2019-12-18,41660.958333333336
2019-12-19,37900.708333333336
2019-12-20,37862.708333333336
2019-12-21,35358.041666666664
2019-12-22,35676.666666666664
2019-12-23,36471.125
2019-12-24,35541.916666666664
2019-12-25,32453.208333333332
2019-12-26,32033.833333333332
2019-12-27,35599.375
2019-12-28,33938.666666666664
2019-12-29,32793.375
2019-12-30,34063.0
2019-12-31,35291.291666666664
