date,revenue,paid_social,paid_search,holiday_signal
2022-01-01,8.338720579494415,5.071315904330031,12.570297888686683,5.244233986367762e-45
2022-01-02,9.4999649252323,5.031772389583607,12.577944927801136,9.276916192525692e-45
2022-01-03,10.003223496504251,4.96189416349641,12.496927297026652,1.638439217006888e-44
2022-01-04,10.022503005930828,5.103696019732383,12.689056564461156,2.889097275001157e-44
2022-01-05,10.2586450294993,5.223798039298607,12.80513626481062,5.086266639207121e-44
2022-01-06,10.35115810532526,5.170404507672402,12.762432223064732,8.940076013143309e-44
2022-01-07,10.48379758925649,5.286178057612478,12.988352892162444,1.5688753086691345e-43
2022-01-08,10.398573990608648,5.302993065690982,12.701532823114745,2.7487850079102147e-43
2022-01-09,10.350632730716336,5.182676042699768,12.855577609957136,4.808374084217088e-43
2022-01-10,10.29370831870635,5.091646421492424,12.628810820640656,8.397709572637536e-43
2022-01-11,10.39105882309302,5.202803755307043,12.605501109855144,1.464295011388558e-42
2022-01-12,10.302390661254735,5.111839656310943,12.659004455380291,2.549185523878448e-42
2022-01-13,10.4215211117,5.250020234368331,12.660561442373108,4.430772312412824e-42
2022-01-14,10.340431922706472,5.021975871133533,12.618099129788456,7.688870592911395e-42
2022-01-15,10.089668801053264,4.355565392103166,11.620785285909484,1.3321428521890183e-41
2022-01-16,9.97677089262904,4.643092424817471,12.03988720011382,2.304327352353747e-41
2022-01-17,10.219426745335156,4.764873902515134,12.29682264644154,3.9796298511822606e-41
2022-01-18,10.219949875381737,5.002681289713335,12.662896335576391,6.861930476761463e-41
2022-01-19,10.134359054227694,4.840686262718411,12.261860688485289,1.1812860522245607e-40
2022-01-20,10.335749656973796,5.014384866280221,12.165605102734975,2.0303409198415023e-40
2022-01-21,10.30422524523225,4.872603142872724,12.158777870484526,3.484078951022658e-40
2022-01-22,10.205811574189504,5.087428404341755,12.42961716976825,5.969145111587999e-40
2022-01-23,10.411031748819846,5.458855918262783,12.818120280190156,1.0210368460893817e-39
2022-01-24,10.569847908578312,5.446022087013769,13.268195952067442,1.7437162765154064e-39
2022-01-25,10.484839598490009,5.462212726513555,13.527561616009486,2.973139980316452e-39
2022-01-26,10.766240719788682,5.90651311284809,14.553896413779029,5.061276006811801e-39
2022-01-27,10.824281570036192,5.608136895544717,14.14801854307228,8.60220552493361e-39
2022-01-28,10.789273417369548,5.805191539506282,14.469237551175056,1.4597037932095943e-38
2022-01-29,10.786706035603135,5.511259665293091,13.87386275355134,2.473003821367772e-38
2022-01-30,10.638591075379788,5.608235403330156,13.67165249930227,4.183020251264183e-38
2022-01-31,10.709633130404644,5.45933001077143,13.039786269061166,7.064155907535231e-38
2022-02-01,10.505773309210136,5.127012293898299,12.529648870892329,1.1910656859454676e-37
2022-02-02,10.502429584341105,5.239219605911247,13.03019149129376,2.005008781961654e-37
2022-02-03,10.53844123384412,5.350080682996537,13.067742928979872,3.3697833038871533e-37
2022-02-04,10.522206637432063,5.36189992870408,13.136707418128754,5.65448163676086e-37
2022-02-05,10.626479698514814,5.417831056499002,13.461433851867453,9.473026466521736e-37
2022-02-06,10.608862734521672,5.40348945483473,13.310343967775747,1.584491202304943e-36
2022-02-07,10.6066220455552,5.442210284425266,13.366887269017017,2.6460377906875848e-36
2022-02-08,10.412136024297512,5.096566685999532,12.891383807180151,4.411714316341668e-36
2022-02-09,10.379421498201314,4.706231570058836,12.530510408524677,7.343850877682945e-36
2022-02-10,10.357973756572887,5.2599765330823285,12.691459481161342,1.2205215346196303e-35
2022-02-11,10.538570622384432,5.6168599557986445,12.946437013370897,2.0252198342537478e-35
2022-02-12,10.648473468394744,5.627460264685229,13.001921670835008,3.355088856231146e-35
2022-02-13,10.428132936765412,5.35750964468101,12.192249513388091,5.549335854775461e-35
2022-02-14,10.358891538041648,5.6705121536071275,12.302094891360191,9.163958672289266e-35
2022-02-15,10.656682943049894,5.853418316049825,12.855089256913017,1.510881358682e-34
2022-02-16,10.716872445069072,6.1695434859148115,13.549323491489604,2.4870397847982683e-34
2022-02-17,10.764181576210577,5.873398832836106,13.587831667115733,4.087334972865887e-34
2022-02-18,10.690260818458594,5.508217688962518,13.392840409855634,6.706607012702176e-34
2022-02-19,10.863287301271283,5.686989091953013,13.926039768076404,1.0986784723696962e-33
2022-02-20,10.852023430104577,5.774508336568745,13.787823499828628,1.7969810615205566e-33
2022-02-21,10.904677213446496,5.803679407662507,13.981444244292256,2.934414864896688e-33
2022-02-22,11.040037890392602,6.376781985020353,14.688682386887136,4.7841485558169035e-33
2022-02-23,10.926195796769822,6.275568090746529,14.042221192014246,7.787407988816446e-33
2022-02-24,10.876405314572816,5.894724814478736,13.689790451254517,1.2655704584288924e-32
2022-02-25,10.74874340782687,5.602976021575059,13.46980919014988,2.053453430012675e-32
2022-02-26,10.845571495881636,5.736522324106146,13.689542647633276,3.3265075698241765e-32
2022-02-27,10.900674234742782,5.796657943050331,13.33507607844519,5.380186160021138e-32
2022-02-28,10.909524767139064,6.297824669979386,14.189086862687212,8.687828088924928e-32
2022-03-01,10.778702858048556,6.023685822240749,14.11534568575902,1.400652056473912e-31
2022-03-02,10.747483595129705,5.585357713787078,13.315845453053068,2.2545217874498912e-31
2022-03-03,10.79570505924914,5.802477496145971,13.857308919989393,3.623128513358911e-31
2022-03-04,11.102420368564438,6.004907722275771,14.591296661394331,5.813238884889546e-31
2022-03-05,11.06991183975,5.798125159721811,14.104861889299649,9.312316537266688e-31
2022-03-06,10.970494098587396,5.8096306571983,14.167189764988164,1.4893693715887745e-30
2022-03-07,10.980241551928442,5.857539586407601,14.204226162364783,2.378221144194645e-30
2022-03-08,10.84361057725784,5.5102049893214335,13.707026251177505,3.7914661445680425e-30
2022-03-09,11.02585671197096,5.826355912900411,13.68858846507669,6.0348608059710055e-30
2022-03-10,10.795801307440597,6.078625755703625,14.045433812295474,9.590305934760336e-30
2022-03-11,10.989576110958271,6.638319044728247,14.690432802654518,1.5216080401835477e-29
2022-03-12,11.099080015838876,6.473914292662972,14.3485455440779,2.4103397118131807e-29
2022-03-13,11.234729263743798,6.335701252169313,14.805645614493963,3.812052266825177e-29
2022-03-14,10.975342944357184,5.490468164887558,13.7849683398443,6.019280276816486e-29
2022-03-15,10.857624075587752,5.589212860063477,13.82778302368823,9.489327032972371e-29
2022-03-16,10.977708336878342,5.936863761338683,14.33445064318092,1.4935899788557035e-28
2022-03-17,10.81514014964912,5.739941108322286,14.06267563222118,2.347104882648874e-28
2022-03-18,10.955475222672613,5.763557799016705,14.28551276593145,3.6824658798756124e-28
2022-03-19,10.905085508886335,5.984043054952535,14.593238667963108,5.768329961247925e-28
2022-03-20,11.142898437020202,5.815554221857607,14.265362150139527,9.021247279452391e-28
2022-03-21,10.730511207933322,5.4272214034173905,13.463564978205834,1.4086017008997114e-27
2022-03-22,10.918186181660392,5.693418525625712,13.601686913169084,2.1959121336314174e-27
2022-03-23,10.781447202845223,5.420498760204725,13.256605804739763,3.417801509330115e-27
2022-03-24,10.58660366833102,4.991717566278407,12.666767321823343,5.3110922496790945e-27
2022-03-25,10.351673062734363,4.779026515218433,12.343119529060782,8.239976655436117e-27
2022-03-26,10.557368609571803,5.073365929074212,12.679249008971404,1.2763601800341691e-26
2022-03-27,10.64798195945511,5.256079326930847,13.184144645434746,1.9739022436907132e-26
2022-03-28,10.780899066284922,6.08032028527927,14.214146043149167,3.0477768336735766e-26
2022-03-29,10.952946799482287,6.117446805737534,14.056231715595397,4.69835486089798e-26
2022-03-30,10.786755832656642,5.83427705911258,13.941615744799352,7.231253658184303e-26
2022-03-31,10.737823043572709,5.483802307067645,13.191241508715224,1.1111853460278776e-25
2022-04-01,10.651318752426134,5.313377591690315,12.99943804422837,1.704765091251133e-25
2022-04-02,10.413172336992265,4.864172046412817,12.37991856921123,2.6112455372796397e-25
2022-04-03,10.43718853514192,5.143718528658312,12.665304419479495,3.993337409857663e-25
2022-04-04,10.395068311701714,4.962051546922136,12.362396527604812,6.097185826743307e-25
2022-04-05,10.482758177085396,5.10424583757744,12.666251302999967,9.294541801978438e-25
2022-04-06,10.322796981919875,4.940277483810458,12.423516613674105,1.4145935299701347e-24
2022-04-07,10.314876676154302,5.012687583781249,12.738192414959752,2.149514992606078e-24
2022-04-08,10.354655792732766,4.585131582854704,12.261262364190143,3.2610271807110294e-24
2022-04-09,10.223038271257876,4.430159931975188,12.329309013176728,4.9393919266744085e-24
2022-04-10,10.147299866455182,4.309579569753838,12.081836545875188,7.469605838760877e-24
2022-04-11,9.873902647134766,3.6474835277106705,11.24485000632647,1.127786812116358e-23
2022-04-12,9.945453034850305,4.093762109004542,11.931367293447458,1.7000491099708284e-23
2022-04-13,9.850874733144614,3.889235133595863,11.729506953588158,2.558592081048686e-23
2022-04-14,9.859444888459514,4.073454778778464,12.215718374408963,3.844552221631987e-23
2022-04-15,10.122352225819082,4.275558082533774,12.636411641625898,5.767606283300127e-23
2022-04-16,10.18298135782551,4.469991918269395,12.915352430217752,8.638743455627399e-23
2022-04-17,9.947723855561922,3.9909437833032406,12.085995032724586,1.2918457967401125e-22
2022-04-18,10.041507944014228,4.458037179017731,12.67577726111494,1.9287498479639176e-22
2022-04-19,10.201344435877804,3.982297893135624,12.4582776695099,2.8750556939460323e-22
2022-04-20,10.157318799893527,4.242356111093827,12.81657041560669,4.278797644175367e-22
2022-04-21,10.236125469884657,4.740406044564099,13.642863282201413,6.357734135491306e-22
2022-04-22,10.647707536827792,4.977408515368721,14.002459354652045,9.431659347155082e-22
2022-04-23,10.689288146168158,5.146812792837072,14.084028227397006,1.3969439431470893e-21
2022-04-24,10.73079298877214,5.377809619601264,14.071612862416632,2.0657367715490986e-21
2022-04-25,10.663847796604673,5.626217616778304,14.161090395870747,3.049833359432162e-21
2022-04-26,10.82351764061318,5.362675615530662,14.037463500160612,4.4955452089185905e-21
2022-04-27,11.02034110867919,5.739314557054522,14.313174913987364,6.615973503989044e-21
2022-04-28,10.956389877773404,5.922790893111333,14.782336579351425,9.72098502030078e-21
2022-04-29,11.1305300144293,5.920232083939127,14.643274631699498,1.4260406956101183e-20
2022-04-30,11.005444695755973,6.296549250235476,14.993137700694138,2.0886164474088103e-20
2022-05-01,11.325378772665148,6.711158643233162,15.395879273099675,3.0541516442847473e-20
2022-05-02,11.271508783060456,6.492126491834666,14.673549308846576,4.458898934501812e-20
2022-05-03,11.113179184210448,6.498719413734948,14.807930670669553,6.499347972070847e-20
2022-05-04,11.199685134250476,6.502407607088986,14.82938277094639,9.458386988221945e-20
2022-05-05,11.135309571156304,6.355416732070578,14.458392491772928,1.3742618723732553e-19
2022-05-06,11.121712772740674,6.154321596130286,14.271087150253118,1.9935495969983477e-19
2022-05-07,10.889794557266429,5.6595900333413365,13.474249589907677,2.887285440846917e-19
2022-05-08,10.729992257499504,5.630935656738538,13.110029057428635,4.175010055850544e-19
2022-05-09,10.598965556310656,5.387251095099698,12.663404332566644,6.027406187596987e-19
2022-05-10,10.309264234346688,5.258809645244996,12.251764623727553,8.687774147040386e-19
2022-05-11,10.374900979588343,4.953282506356538,11.72479816604288,1.2502351753434699e-18
2022-05-12,9.978854055442127,4.638739644876938,11.31468404922614,1.7963048142704033e-18
2022-05-13,9.82722875676375,4.458618487295592,11.20206977644174,2.576757109154981e-18
2022-05-14,9.63858653086707,3.827971134263613,10.275092573672495,3.69038826687656e-18
2022-05-15,9.401010591726951,3.743284018254962,10.261997600327774,5.276862374834124e-18
2022-05-16,9.490509115866482,4.022216361105414,10.626538572077209,7.533288557462633e-18
2022-05-17,9.602299907324616,4.254112526268079,10.683812874571249,1.0737386039033793e-17
2022-05-18,9.504655891614224,4.077324527906328,10.292230002038313,1.5279799682872937e-17
2022-05-19,9.51836451420525,4.157019745446778,10.124807538264808,2.170910317848089e-17
2022-05-20,9.69915694421931,4.593484899430407,10.918960710509424,3.07943636203191e-17
2022-05-21,9.852655832600512,4.889464289153365,11.016916541477466,4.361197086931712e-17
2022-05-22,9.816323834826669,4.739141534561914,10.772548712574151,6.16659351490994e-17
2022-05-23,9.98509634382732,5.127394805519895,11.796500699651943,8.705426622296251e-17
2022-05-24,10.102256004918388,5.54394441718383,12.154895492119689,1.226986898379846e-16
2022-05-25,10.24957840042431,5.489454300112025,11.688603280821066,1.7266126578985388e-16
2022-05-26,10.324157401899964,5.435873059700506,11.814386626124106,2.4258002935511285e-16
2022-05-27,10.166657624941513,5.18966808464564,11.506165332021071,3.4026736420397943e-16
2022-05-28,10.39873716219199,5.356862135102106,12.12132978922175,4.765304735299088e-16
2022-05-29,10.491824900241474,5.402580807514969,12.114058908128712,6.662944392995099e-16
2022-05-30,10.308031837855845,5.238942401969417,12.00430225097451,9.301368016640084e-16
2022-05-31,10.284263282907792,5.489052758427411,12.199993706950943,1.2963808168255437e-15
2022-06-01,10.34010175299721,5.704266961459902,12.15950460617795,1.8039458325927787e-15
2022-06-02,10.295506247601097,5.499413170949805,11.897718004529802,2.5062218871452745e-15
2022-06-03,10.230780931878533,5.241269782916897,11.331782340346203,3.476327411194989e-15
2022-06-04,9.977388661961005,4.975186867087173,11.249612741411372,4.814231344975465e-15
2022-06-05,10.227890575847002,5.034160834776844,11.476158974742509,6.6563840049804555e-15
2022-06-06,9.910595304643865,4.494076480071261,11.172903010933906,9.188717703479915e-15
2022-06-07,9.789575353712545,4.221180123042695,10.904066300558524,1.2664165549094176e-14
2022-06-08,9.911491713944969,4.438355202796653,11.61548362755061,1.7426227429980393e-14
2022-06-09,10.119444517111733,4.914017238955474,12.543474468790745,2.3940615140956692e-14
2022-06-10,10.107058492171785,4.716964736151515,11.779700971684736,3.28376720656351e-14
2022-06-11,10.113372415802251,4.546905277918058,12.054608660275685,4.4969136320233276e-14
2022-06-12,9.945860770923495,4.357656116669178,11.931982378793728,6.148396412704779e-14
2022-06-13,10.06164421282829,4.65001858618974,12.381126961593251,8.39294357250596e-14
2022-06-14,10.024382330570072,4.134574978829475,11.611527514567443,1.1438573703559518e-13
2022-06-15,9.8522554165671,4.000661028087087,11.525942019216544,1.5564478550463914e-13
2022-06-16,9.685057053058518,3.907121545083694,11.413125036881214,2.1144742687895447e-13
2022-06-17,9.74887873847349,4.064463425851764,11.467203708579,2.8679750088880983e-13
2022-06-18,9.824828433017837,4.51790968517233,12.31960230324412,3.8837695244272707e-13
2022-06-19,10.312708145694602,4.571803490093171,12.713193685928076,5.250935277974227e-13
2022-06-20,10.389966143188952,4.918383221345528,13.347858425960451,7.088021232985014e-13
2022-06-21,10.189019300050202,4.700085018766129,12.77156424204652,9.552531605297814e-13
2022-06-22,10.242379675188449,4.556251069614606,12.494677891549935,1.2853372251336457e-12
2022-06-23,9.95162354227568,3.9815819050795422,11.773704184223078,1.7267156154687626e-12
2022-06-24,10.040894455931454,4.521682387598847,12.349189365744436,2.315952652684396e-12
2022-06-25,10.0947051552375,4.871571677967823,12.252744044899735,3.101299185919407e-12
2022-06-26,10.12535068197953,4.859602834391057,11.675120553333224,4.146319676863116e-12
2022-06-27,9.96892427712124,4.573786296397642,11.513179243237024,5.5346100717010135e-12
2022-06-28,9.964807918558252,4.617959277998652,11.804722811472535,7.375923508873931e-12
2022-06-29,9.980590635018553,4.697604292483924,11.44439493691688,9.814109704064989e-12
2022-06-30,9.924374913340602,4.960608016100802,11.651420059386547,1.3037386516900484e-11
2022-07-01,9.98119118428876,4.785218812341988,11.531892746365967,1.7291604867152327e-11
2022-07-02,9.861615878438275,4.556434051415005,11.313537194448234,2.289734845645553e-11
2022-07-03,9.899902902924998,4.561972808732021,11.08761669829924,3.0271937126909755e-11
2022-07-04,9.6895925794399,4.245438663452958,10.784533894011917,3.9957688866278e-11
2022-07-05,9.812992123375606,4.551382412524011,11.609855289644877,5.2658154923892194e-11
2022-07-06,10.121143485239235,4.926477157696348,11.96487216720618,6.928449306969039e-11
2022-07-07,10.025000954024968,4.9103017507925415,11.836508441895594,9.101470764487967e-11
2022-07-08,10.06020589856478,4.8485588490566345,11.451584558327172,1.1936918862357243e-10
2022-07-09,10.23957665339552,5.100141383732583,12.093776167031772,1.5630685836019134e-10
2022-07-10,10.224896427783126,4.8632970117251135,12.22333270348747,2.0434732424191528e-10
2022-07-11,10.081967819167602,4.4333327166140855,11.82078208664837,2.6672578706690076e-10
2022-07-12,10.130987407752466,5.110472319303007,12.66583732341201,3.4758912812399344e-10
2022-07-13,10.374617842977427,5.06554275155816,13.145091120818876,4.5224366476950904e-10
2022-07-14,10.397575087614044,5.029689075486953,13.383241035175065,5.874676119650493e-10
2022-07-15,10.340546134086589,4.882846646435334,13.154836251998931,7.61904420899161e-10
2022-07-16,10.552302341520168,5.131367917148446,13.733657536685168,9.86557011941944e-10
2022-07-17,10.503819816004404,5.067996142820889,13.674395449726555,1.2754076295260394e-09
2022-07-18,10.486979095909131,5.023393417557751,13.687159746481155,1.6461938027106875e-09
2022-07-19,10.641190737658206,4.900500399127981,13.390779291634503,2.1213779139165823e-09
2022-07-20,10.329789044880645,4.788630964556147,12.995215229978951,2.729356417628663e-09
2022-07-21,10.574180750375394,5.474224743752398,14.20601612326466,3.505965117042003e-09
2022-07-22,10.598520294435,5.001971098027123,13.699885152832396,4.4963494622808535e-09
2022-07-23,10.274213607951046,4.352072387206944,12.408631660004463,5.757284007027173e-09
2022-07-24,10.418007276009126,4.953457365403015,13.193347057040633,7.360043455081694e-09
2022-07-25,10.546172473911874,5.374463492215339,13.800516525311924,9.393949736049535e-09
2022-07-26,10.348449831973776,5.030422686222835,13.208258824470567,1.1970745962240021e-08
2022-07-27,10.32238237860545,4.781069412569111,12.979365148761548,1.5229979744712632e-08
2022-07-28,10.213097599183296,4.855368621299008,12.60752704828715,1.9345616124730042e-08
2022-07-29,10.177501934367085,4.968220513652133,12.39083043551541,2.453414539715462e-08
2022-07-30,10.117915799459649,5.2047095611478555,12.716565266648509,3.1064504623776206e-08
2022-07-31,10.396358988704892,5.26739797592718,12.626180036263891,3.9270195107844254e-08
2022-08-01,10.253065022176878,5.5240511433968775,12.855225363830884,4.956405319172498e-08
2022-08-02,10.186464036873891,5.165487539045848,12.310667518576665,6.245622035317746e-08
2022-08-03,9.855813950603702,4.608983726538272,10.708915279877145,7.857596288459782e-08
2022-08-04,9.51324310329236,4.226166476567428,10.052104423277685,9.869811391105965e-08
2022-08-05,9.532686860878098,4.62540089454601,10.45864129916175,1.2377505392864636e-07
2022-08-06,9.851185880085968,5.148031493938976,11.355596260959311,1.5497531357028997e-07
2022-08-07,9.882339197482304,5.038760706268372,11.400234616169136,1.937300774624831e-07
2022-08-08,9.866470079894912,5.099507179353505,11.20926134824711,2.417890947674731e-07
2022-08-09,9.8334263608152,4.950570041571896,10.98574709028491,3.012877646995338e-07
2022-08-10,9.921659265083624,5.054804581483935,11.589921209380853,3.748274688175221e-07
2022-08-11,9.653870584471132,4.44007276870524,10.731141394036008,4.655715715783078e-07
2022-08-12,9.53947315531589,4.42620362429489,10.538329321750831,5.773599123465918e-07
2022-08-13,9.403703710988568,4.152956345403298,10.112952130597789,7.148450721779487e-07
2022-08-14,9.167558694879974,3.9868346870819815,9.709565044766936,8.836542241315613e-07
2022-08-15,9.322434948717254,3.9732454366629097,9.88154904539401,1.090580974053981e-06
2022-08-16,9.52064006609838,4.2451453992005765,10.773646333379254,1.343812277631519e-06
2022-08-17,9.6701456871521,4.463764237699455,11.465335021869738,1.653196287427531e-06
2022-08-18,9.847926451804828,4.7348077660155266,11.462390248130683,2.0305578494036836e-06
2022-08-19,10.122659433147655,5.2780551026562375,12.279072507159665,2.4900693412097526e-06
2022-08-20,10.043170567743196,5.23878229799681,12.319845408705255,3.048685633689856e-06
2022-08-21,10.274140356259208,4.968270011436255,12.799514108651296,3.726653172078671e-06
2022-08-22,10.104472966835148,4.623471151941767,12.437704248852055,4.548104523682655e-06
2022-08-23,10.147829691974753,4.514058797498729,12.191690210650863,5.541751233646584e-06
2022-08-24,10.119421065016311,4.789951506119066,12.218073330270505,6.741689478400707e-06
2022-08-25,10.196940958778342,5.25885853517818,13.078029666971368,8.1883348155182e-06
2022-08-26,10.427186627502865,5.481822831758952,13.59394921520768,9.92950430585108e-06
2022-08-27,10.30885369911226,5.258998424937527,12.97532234166516,1.202166643436898e-05
2022-08-28,10.437210898810642,5.378961406030573,12.974877283558303,1.4531381583631384e-05
2022-08-29,10.404733562378569,5.576738743621878,13.14159457558758,1.753695831946039e-05
2022-08-30,10.58066360591554,5.642633285366183,13.504956429112156,2.113035343044201e-05
2022-08-31,10.760694572695634,6.10311770912997,14.078865903607031,2.541934651619929e-05
2022-09-01,10.532567501625978,5.559467443557607,13.355386669023204,3.0530022934678544e-05
2022-09-02,10.423817687146933,5.277395640364428,13.032573448535,3.6609602081926864e-05
2022-09-03,10.190827684387894,4.931599993810685,12.043066954107305,4.3829651269463045e-05
2022-09-04,10.0053590235782,4.871923548686223,11.91317032281978,5.2389728858569354e-05
2022-09-05,10.267798131664492,5.107360358061481,12.558980417623916,6.252150377482015e-05
2022-09-06,10.2024427518804,5.189094185363236,12.280749075989696,7.449340201930492e-05
2022-09-07,10.009832443861017,4.835753543617919,11.36416996890656,8.861583426604922e-05
2022-09-08,9.897553342082109,5.228379420862158,12.069465073788322,0.0001052470620295
2022-09-09,10.065014339592494,5.102371986049085,11.983397246755484,0.0001247997631334
2022-09-10,10.272600654888569,5.2483970163391005,12.716300545150446,0.000147748360232
2022-09-11,10.44253841839245,5.7265546783150665,13.351165539955591,0.0001746371788397
2022-09-12,10.61838279625609,5.8712676619567805,13.104838637513634,0.0002060895036082
2022-09-13,10.361432403941205,5.749547001528876,12.71850995817577,0.0002428176033416
2022-09-14,10.248966858408808,5.420099111859785,12.407467208455948,0.0002856337963331
2022-09-15,10.375517773147312,5.558165302280364,12.51755379714975,0.0003354626279025
2022-09-16,10.32826407425072,5.546255101821744,12.426707423844846,0.000393354231363
2022-09-17,10.265297863907344,5.545133063340917,12.204690709578385,0.000460498941896
2022-09-18,10.477309227788412,5.808196185016324,13.056954947101287,0.0005382432297832
2022-09-19,10.68625214546917,6.33765774351678,13.769174977839434,0.0006281070149764
2022-09-20,10.655634584107256,6.130915719354213,13.445840238484204,0.0007318024188804
2022-09-21,10.738436631865124,6.20038588357888,14.03526899381965,0.0008512540013104
2022-09-22,10.54839876492352,5.627447739030365,13.02564735858,0.0009886205206735
2022-09-23,10.561666655479677,5.741013488279086,13.055639528345822,0.00114631824333
2022-09-24,10.508781154162016,5.697594239149816,13.446922765494133,0.0013270458136505
2022-09-25,10.446941964862711,5.025200018085441,12.886702932132245,0.0015338106793244
2022-09-26,10.237767101674097,4.752742705606989,12.119545891270592,0.0017699570468628
2022-09-27,10.175533504264006,5.103661449140518,12.654432747796138,0.0020391953198422
2022-09-28,10.229196169685713,5.322450570367391,12.433631354407495,0.0023456329471668
2022-09-29,10.317401585161807,5.67369084722373,12.953122009954004,0.0026938065804214
2022-09-30,10.116631213842108,5.345326268064756,12.303737393951891,0.0030887154082367
2022-10-01,10.217722903435176,5.324422359855716,12.207417114977575,0.0035358555015075
2022-10-02,10.331244133731373,5.479271791086842,12.633544570651578,0.0040412549663947
2022-10-03,10.157659271424864,4.909190291829411,11.622894067977626,0.004611509662433
2022-10-04,9.96802982543404,5.096611929192353,12.19972365502209,0.0052538192009853
2022-10-05,10.06645839301582,5.061120840804619,12.239080178100624,0.0059760228950059
2022-10-06,9.97403621424783,5.265014887688679,12.010925152834371,0.0067866352849748
2022-10-07,10.072429167726792,5.17075322780438,12.091388897232658,0.0076948808183874
2022-10-08,10.134988403161472,5.4446819267429545,12.419169898498463,0.0087107272118617
2022-10-09,10.148699521349815,5.483718498626729,12.229214253060055,0.0098449169763924
2022-10-10,10.21709940639906,5.627408460209903,12.381422689903324,0.0111089965382423
2022-10-11,10.048225172050143,5.08435251665602,11.651578718744291,0.0125153423412236
2022-10-12,10.018274535462094,4.875366269877537,11.505407684134983,0.0140771832715748
2022-10-13,10.065390341826848,5.057091176510183,11.703700351990085,0.0158086187052418
2022-10-14,10.083852639272797,5.60527685067275,12.316197522409745,0.0177246314401777
2022-10-15,10.248158766200088,5.779176380619392,12.26480362042917,0.0198410947443702
2022-10-16,10.315626209161191,5.663062396123714,12.387260868141087,0.0221747727248552
2022-10-17,10.329333337626538,5.608701909094202,12.459526450434412,0.0247433132051542
2022-10-18,10.316466291654471,5.7398443051335155,12.876858208144572,0.0275652322895933
2022-10-19,10.41557436704745,5.764014206030769,13.105806576330236,0.0306598897940075
2022-10-20,10.396564887014256,5.274148624022135,12.276330922252962,0.0340474547345993
2022-10-21,10.158642345255604,5.120605218543262,12.119016127438268,0.0377488600912989
2022-10-22,9.895277120740005,4.789020950008557,11.644746716396362,0.0417857460999292
2022-10-23,10.14974509009945,4.691141965683144,11.626591116157066,0.0461803913797347
2022-10-24,9.927919047404428,4.322048189182715,11.54802656636795,0.0509556312701942
2022-10-25,9.973585629647935,4.513443254026678,11.573488823759002,0.0561347628341337
2022-10-26,9.9367088805235,4.591090997367064,12.029406606861986,0.0617414360834291
2022-10-27,9.70068220084711,4.201164495846275,11.517828221273213,0.0677995310992478
2022-10-28,9.955513250631927,4.179267077998911,11.843335698798786,0.0743330208507896
2022-10-29,9.935939345287284,4.111463892253171,11.791395674973272,0.0813658196645252
2022-10-30,9.843453238487657,4.443808987305124,11.771272738504184,0.0889216174593863
2022-10-31,10.00611840424594,4.912639852440445,12.462876200372031,0.0970237000412869
2022-11-01,10.337741469371595,5.103298115701419,12.800432683803653,0.1056947559414885
2022-11-02,10.237190785750029,5.255876330477711,12.86243993023621,0.114956670486035
2022-11-03,10.5883243820115,5.807607432327944,13.36939628566375,0.1248303079958328
2022-11-04,10.75222299619465,6.301833431071937,14.041919683046537,0.1353352832366127
2022-11-05,10.87348822996582,6.222501967442275,14.192375546356908,0.1464897234623658
2022-11-06,11.038126117381593,6.492315339870506,14.198825118272762,0.1583100226219387
2022-11-07,11.121750792338666,6.645312661594817,14.308055602104252,0.1708105895230649
2022-11-08,11.245957935511276,6.591045448990936,14.452899625218272,0.1840035919677198
2022-11-09,11.209735079132734,6.484949909516271,14.321039257399596,0.1978986990836146
2022-11-10,11.266955797451017,6.357843180173058,14.327148088847348,0.212502824275022
2022-11-11,11.151043552809538,6.2457184961122,14.008346558788636,0.227819871398009
2022-11-12,11.133201899667876,5.920327739231829,13.870687537063942,0.2438504869265247
2022-11-13,11.12773037749358,5.6131259888154625,13.071211334620704,0.2605918210126892
2022-11-14,10.767301239193262,5.168441618060619,12.275754790394853,0.2780373004531941
2022-11-15,10.52939715667697,5.115409659413666,11.603966575871082,0.2961764166502667
2022-11-16,10.641621984132817,5.29655995439362,11.818544745884154,0.3149945316967633
2022-11-17,10.772667776377649,5.114318947497282,11.945654538354,0.334472705717564
2022-11-18,10.57891446868467,4.716550007199544,11.312427222612488,0.3545875485608989
2022-11-19,10.263528167082562,4.522560366252682,10.947194989315465,0.3753110988513995
2022-11-20,10.235127609570794,4.433925874152451,10.997193348048544,0.3966107332899649
2022-11-21,10.848560994055912,5.299948285488485,12.668297108843923,0.4184491089130354
2022-11-22,11.025150269230446,5.76569136158064,13.154190809715963,0.4407841408053245
2022-11-23,11.328248766869136,5.990959331959841,13.634869980010045,0.4635690174959985
2022-11-24,11.651907224541866,6.431187707246829,14.40643116771624,0.4867522559599717
2022-11-25,11.93341598983725,6.653397862162986,15.02954179092408,0.5102777977955038
2022-11-26,12.11563920362502,6.951808790278423,15.535453106124065,0.534085147759517
2022-11-27,12.201009525527702,6.775193024685881,15.3741701478015,0.5581095554166826
2022-11-28,12.286706195402225,7.114651274605132,15.88815611345891,0.5822822402018133
2022-11-29,12.436322543355372,6.852213853611928,15.766144656060945,0.6065306597126334
2022-11-30,12.183869201836984,6.540299024564243,14.934756954679608,0.6307788205474283
2022-12-01,12.35868361774812,6.515352368415159,15.124333365838162,0.6549476304858832
2022-12-02,12.401071308128012,6.5509038896596135,15.173926940831471,0.6789552902885679
2022-12-03,12.63424196045892,7.098646891472447,16.201736186666977,0.7027177228683977
2022-12-04,12.890179865035684,7.404809643299301,16.73738070399916,0.7261490370736908
2022-12-05,12.743973745977796,6.7404369570204015,15.74563816560518,0.7491620228249927
2022-12-06,12.671829855453636,6.559538421802326,15.543384369659805,0.7716686738745262
2022-12-07,12.821414884723108,6.943514233234552,16.385403364422285,0.7935807340157667
2022-12-08,12.935307174322816,7.068772189248855,16.785834858868704,0.8148102621687294
2022-12-09,13.000030247859245,6.903619794641256,16.314069318719216,0.835270211411272
2022-12-10,13.123699830530928,7.36203261028273,16.959595330786136,0.8548750167246695
2022-12-11,13.203578915692846,7.546010146201333,17.042759438744465,0.8735411859788501
2022-12-12,13.282389620952625,7.540731406496036,17.362511118673293,0.8911878885041844
2022-12-13,13.432965913584162,7.849240955432288,17.626589474085975,0.9077375354868296
2022-12-14,13.442716644678534,8.298777288836193,18.124581575460027,0.9231163463866358
2022-12-15,13.670230148869528,8.415865150405692,18.244982243569197,0.9372548956126776
2022-12-16,13.478808208574408,8.110197164432984,17.231946099497307,0.9500886338026268
2022-12-17,13.673108027413598,8.372391618132369,17.81625729884781,0.9615583782382694
2022-12-18,13.826411103988011,8.67734765832392,18.76507669930577,0.9716107671891228
2022-12-19,14.070698320565738,8.913076908970211,19.18255050796089,0.9801986733067553
2022-12-20,14.00044083836779,8.99267759387035,19.282798473496847,0.9872815715902904
2022-12-21,13.896209912388654,8.762876917342567,19.031113910207164,0.9928258579038134
2022-12-22,14.059472527885854,8.696834501485071,19.111429404849556,0.9968051145430328
2022-12-23,14.049025395993375,8.424884860860217,18.7601439003869,0.9992003199146836
2022-12-24,13.906539267524844,8.230849875895368,18.341753401535264,1.0
2022-12-25,13.801571062500798,8.5648228639165,18.597244607942716,0.9992003199146836
2022-12-26,13.869481524755711,8.219905252192868,18.317029296873596,0.9968051145430328
2022-12-27,13.758326711629843,8.034223271078194,17.986092949678483,0.9928258579038134
2022-12-28,13.759751440662052,7.834969962007112,17.49733852805519,0.9872815715902904
2022-12-29,13.5913889081015,7.973229009776196,17.573159940346365,0.9801986733067553
2022-12-30,13.652333076204068,8.326092754437425,17.973956413850146,0.9716107671891228
2022-12-31,13.411822641450131,7.623273651699844,17.07253264341792,0.9615583782382694
2023-01-01,13.22965110229348,6.9583089458734575,16.3805659718605,0.9500886338026268
2023-01-02,13.195349956019436,6.943800019131608,16.337406187612533,0.9372548956126776
2023-01-03,13.07182315076402,6.557236373302681,16.340545938515888,0.9231163463866358
2023-01-04,12.73868839152884,6.080396796559312,15.361902160822307,0.9077375354868296
2023-01-05,12.579078955229242,6.029172366584024,15.169871559109843,0.8911878885041844
2023-01-06,12.700709320621757,6.656628265549919,15.65806998324205,0.8735411859788501
2023-01-07,12.710053656445464,6.381968711270831,15.54579430392419,0.8548750167246695
2023-01-08,12.361747664843428,5.793980150780678,14.633294589064734,0.835270211411272
2023-01-09,12.489810132671002,6.229624373835551,14.894979990383552,0.8148102621687294
2023-01-10,12.619675651659987,6.674987821491065,15.633746145461984,0.7935807340157667
2023-01-11,12.357397400143125,6.304103210070091,15.241033099340276,0.7716686738745262
2023-01-12,12.369030995253285,6.226362813389091,15.022585598704254,0.7491620228249927
2023-01-13,12.40378183013816,6.184487602858048,15.053481997069587,0.7261490370736908
2023-01-14,12.249136007084632,6.319922610267169,15.180814314276802,0.7027177228683977
2023-01-15,12.396467394070768,6.927053198450778,16.126464491731053,0.6789552902885679
2023-01-16,12.363486686426524,6.625026973285757,15.892658393127276,0.6549476304858832
2023-01-17,12.470447751617094,6.902885728129398,16.17610805723553,0.6307788205474283
2023-01-18,12.44937320000892,7.033115073001764,16.777205787581302,0.6065306597126334
2023-01-19,12.227839988357022,6.475520626857259,15.983059473941935,0.5822822402018133
2023-01-20,12.089009572052316,6.071450743800319,15.66783209310418,0.5581095554166826
2023-01-21,12.049220984753,6.146039650379232,15.739764203165704,0.534085147759517
2023-01-22,12.04643287745846,6.191490846251204,15.777273278919466,0.5102777977955038
2023-01-23,11.977779737274568,6.034203990180209,15.408604175510757,0.4867522559599717
2023-01-24,11.944128805716632,6.127504783150695,15.57740434793865,0.4635690174959985
2023-01-25,11.714862784704843,6.263721097481093,15.7499992623326,0.4407841408053245
2023-01-26,11.78380754657188,6.2072708302517405,15.648040927707235,0.4184491089130354
2023-01-27,11.863044509578806,6.570882283670027,16.331490524316166,0.3966107332899649
2023-01-28,11.761752398662576,6.832869908775107,16.2822201296179,0.3753110988513995
2023-01-29,11.863138767368596,6.5051432348962335,15.55533149567423,0.3545875485608989
2023-01-30,11.552936647412595,6.487229859879708,15.733578685247169,0.334472705717564
2023-01-31,11.568691228216636,6.300319548210073,15.181615834965564,0.3149945316967633
2023-02-01,11.568336028534471,6.51345325617793,15.327717101435212,0.2961764166502667
2023-02-02,11.577208100750696,6.769246861887491,15.862157255342009,0.2780373004531941
2023-02-03,11.63592317049207,6.4370621314865515,15.373726662709402,0.2605918210126892
2023-02-04,11.29560165283274,6.085508446642479,14.933022476110676,0.2438504869265247
2023-02-05,11.283550556954337,6.560418293944581,15.214027286255527,0.227819871398009
2023-02-06,11.18967983802062,6.60238831889337,14.990740581092153,0.212502824275022
2023-02-07,10.995245037947932,6.1013508806929195,13.988387899672253,0.1978986990836146
2023-02-08,11.07272066031857,6.246119129707083,13.929580389905588,0.1840035919677198
2023-02-09,10.84826416225454,6.436776924251055,13.90803342354618,0.1708105895230649
2023-02-10,10.6235277489743,6.09927199630663,13.29590796946566,0.1583100226219387
2023-02-11,10.44997734875778,5.654716534921702,12.939976692842896,0.1464897234623658
2023-02-12,10.414707278549567,6.04472208226319,13.191871435828764,0.1353352832366127
2023-02-13,10.533680683367994,5.649523983265558,12.919417054136352,0.1248303079958328
2023-02-14,10.493340064800243,5.656783553458054,12.877454588826382,0.114956670486035
2023-02-15,10.339326703322884,5.448442517511687,13.025759641855982,0.1056947559414885
2023-02-16,10.211642544778352,5.092373723313569,12.821535271800068,0.0970237000412869
2023-02-17,10.232921585282606,5.401651046234738,13.0337701510037,0.0889216174593863
2023-02-18,10.551621353671928,5.8718371500420785,13.857757300504066,0.0813658196645252
2023-02-19,10.49471291567994,5.632574313046649,13.723799602942115,0.0743330208507896
2023-02-20,10.45339310447225,5.632856307540629,13.70498915672612,0.0677995310992478
2023-02-21,10.49708621832774,5.772675066443687,13.868243339517807,0.0617414360834291
2023-02-22,10.57151444954497,5.749906655047757,13.837505782604312,0.0561347628341337
2023-02-23,10.066630525616574,4.961431942747624,12.404013547034648,0.0509556312701942
2023-02-24,10.28259228425217,4.997555099335109,12.663849071787183,0.0461803913797347
2023-02-25,10.066550024531228,5.076490518391742,12.736170214155342,0.0417857460999292
2023-02-26,9.87064840153326,4.582411174283413,11.951716084969304,0.0377488600912989
2023-02-27,10.134075570835297,5.207963757022696,12.910228776598943,0.0340474547345993
2023-02-28,10.087444159234686,5.108852809407622,13.318470338324053,0.0306598897940075
2023-03-01,10.23915280050511,5.40996474136794,13.560502506764792,0.0275652322895933
2023-03-02,10.450328828417357,5.996546688067398,14.460585803675572,0.0247433132051542
2023-03-03,10.551582981283028,6.132592593076131,14.402509748832678,0.0221747727248552
2023-03-04,10.640234265877064,6.046744006569995,14.424819681997228,0.0198410947443702
2023-03-05,10.445267277882529,6.043058138547751,13.928042696482438,0.0177246314401777
2023-03-06,10.450852756701366,5.851448470342733,13.55243123865383,0.0158086187052418
2023-03-07,10.401339616439657,5.7396342647276875,13.335800829442173,0.0140771832715748
2023-03-08,10.191332973397024,5.4102424401935245,12.681617636741825,0.0125153423412236
2023-03-09,10.23656285263918,6.08300753966585,13.32112896987691,0.0111089965382423
2023-03-10,10.41273822016112,6.190223547162941,13.56255799921498,0.0098449169763924
2023-03-11,10.538171600179137,6.471178768855249,13.643872535095465,0.0087107272118617
2023-03-12,10.309559041425562,6.246008170455318,13.054314840944894,0.0076948808183874
2023-03-13,10.390381619056493,6.246728131418753,13.472156549966073,0.0067866352849748
2023-03-14,10.417834657748452,6.170824588055523,13.211129161861408,0.0059760228950059
2023-03-15,10.553319426872235,6.350457483013324,13.527869943667929,0.0052538192009853
2023-03-16,10.35518064094519,6.270834741096768,13.516744929952177,0.004611509662433
2023-03-17,10.21670606349015,6.136130788673744,13.67262255186463,0.0040412549663947
2023-03-18,10.248437448091872,5.816900754658425,12.936263374275327,0.0035358555015075
2023-03-19,10.278069161489698,5.841020988893656,12.85131016154546,0.0030887154082367
2023-03-20,10.322923245998057,5.667126503755272,12.822362385017636,0.0026938065804214
2023-03-21,10.426960979830737,6.363552133008719,13.800403695749822,0.0023456329471668
2023-03-22,10.233878766526152,5.9783037487607045,12.566007287787968,0.0020391953198422
2023-03-23,10.21122817380768,5.934875509591043,12.675224689930513,0.0017699570468628
2023-03-24,9.92690895462511,5.337424348706768,11.88035469455636,0.0015338106793244
2023-03-25,9.658435651262664,4.722556438041182,10.967718929062908,0.0013270458136505
2023-03-26,9.881942306202554,5.031829881905504,11.625361636203868,0.00114631824333
2023-03-27,9.456508399558295,4.625412117518885,11.165810504282817,0.0009886205206735
2023-03-28,9.65425512895047,5.035032464576514,11.420470515398254,0.0008512540013104
2023-03-29,9.563051323557923,4.6448163592357385,11.21588490225589,0.0007318024188804
2023-03-30,9.669883922571,4.699906328858666,11.499078658920984,0.0006281070149764
2023-03-31,9.392793125334409,4.289925862866729,10.680964236104948,0.0005382432297832
2023-04-01,9.542839803253504,4.670715604486561,11.030637172746676,0.000460498941896
2023-04-02,9.359260824736186,4.3821974339125696,10.435052030448425,0.000393354231363
2023-04-03,9.063823218220625,4.3982455530493905,10.500312901739722,0.0003354626279025
2023-04-04,8.815558699545727,3.7408779996395807,9.5213487489858,0.0002856337963331
2023-04-05,8.870183783030408,4.1375771131350065,9.821386083199716,0.0002428176033416
2023-04-06,8.837014328553133,3.957017315975248,9.693804596310589,0.0002060895036082
2023-04-07,9.067221441818155,4.172621464856218,9.986654441066204,0.0001746371788397
2023-04-08,9.126207590298458,4.435980944655825,10.25603019982263,0.000147748360232
2023-04-09,9.145316007010178,4.14687531283838,10.54198964557476,0.0001247997631334
2023-04-10,9.125517936875154,4.291624081323786,10.709304879078724,0.0001052470620295
2023-04-11,9.141178832539232,4.257837209549359,10.61452337351206,8.861583426604922e-05
2023-04-12,9.13365509945704,4.147852529025853,10.549202244228637,7.449340201930492e-05
2023-04-13,9.083304366475202,4.207151388521017,10.229689957831251,6.252150377482015e-05
2023-04-14,9.180881550622722,4.67668304369948,10.871029983812727,5.2389728858569354e-05
2023-04-15,9.309331691486292,4.568250775442257,10.932639374319834,4.3829651269463045e-05
2023-04-16,9.412408248251678,4.585347319615787,10.766705011492451,3.6609602081926864e-05
2023-04-17,9.38146586123967,4.708560686915614,10.808260144077227,3.0530022934678544e-05
2023-04-18,9.385829925380303,4.450536746972697,10.759732401338436,2.541934651619929e-05
2023-04-19,9.275002007276257,4.638755011372043,11.129240997793556,2.113035343044201e-05
2023-04-20,9.44713405453848,4.472805450279786,11.242543898406009,1.753695831946039e-05
2023-04-21,9.363730859039991,4.598981991269521,11.348514397564776,1.4531381583631384e-05
2023-04-22,9.514684367901596,4.665027139210986,11.350855276467456,1.2021666434368982e-05
2023-04-23,9.691592472794056,4.939923481318437,11.655978942281024,9.929504305851085e-06
2023-04-24,9.597648569019208,5.1345520098517,11.849541814516035,8.188334815518201e-06
2023-04-25,9.820563847957526,5.1582448120147975,11.734051576277476,6.7416894784007105e-06
2023-04-26,10.28612042860072,6.009300983160047,13.244294345658613,5.541751233646588e-06
2023-04-27,10.099168559573616,5.7650977952676605,12.67780256481488,4.548104523682662e-06
2023-04-28,10.153818503464004,5.877137403425047,12.882634606252246,3.7266531720786807e-06
2023-04-29,10.126445899817046,5.720552840949562,12.852844859620678,3.0486856336898702e-06
2023-04-30,10.113455927462123,5.649852618817629,13.123697139085072,2.490069341209774e-06
2023-05-01,10.282865617402225,5.48220548051183,13.038130750133282,2.030557849403714e-06
2023-05-02,10.021144326306892,5.175070761687848,12.644931366285103,1.6531962874275758e-06
2023-05-03,10.067625371844354,5.327598528662361,12.749920737066994,1.343812277631584e-06
2023-05-04,10.232793791315496,5.849795073351028,13.46842039715451,1.0905809740540756e-06
2023-05-05,10.307590685782412,5.96993887452431,13.448113053902976,8.836542241316988e-07
2023-05-06,10.19356430609123,6.055990933835657,13.274305932306934,7.148450721781481e-07
2023-05-07,10.425495553978054,5.989458589649351,13.648137163963112,5.773599123468806e-07
2023-05-08,10.343256198951844,5.717486473422678,13.29448757719388,4.655715715787253e-07
2023-05-09,10.430096973430595,5.715733629667832,13.571924284250391,3.7482746881812483e-07
2023-05-10,10.04703159607949,5.008653053586924,12.395757881350953,3.012877647004026e-07
2023-05-11,9.905557594412713,4.984509000640781,12.55273577509386,2.417890947687233e-07
2023-05-12,9.952894753844411,4.919417149837397,12.557537724959207,1.9373007746427937e-07
2023-05-13,9.8567294602751,4.895846049456443,12.60566525452761,1.549753135728667e-07
2023-05-14,9.808189790864107,5.125471132363942,12.591506184066173,1.2377505393233678e-07
2023-05-15,9.954142133105698,5.077114616997195,12.770763092181385,9.86981139163365e-08
2023-05-16,10.125191462973849,5.434379488739705,13.47903882216411,7.85759628921311e-08
2023-05-17,10.205091766188874,5.302740366338792,13.321502470177435,6.245622036391486e-08
2023-05-18,9.927688453300483,4.731100806367725,12.39198621712227,4.956405320700479e-08
2023-05-19,9.885799638813774,4.840288645561672,12.733602853277578,3.927019512955335e-08
2023-05-20,10.133667986708229,5.255439087123309,13.2299522831332,3.106450465457057e-08
2023-05-21,10.050099343509135,4.952261533455248,12.693847384927672,2.453414544076659e-08
2023-05-22,10.04219082698806,5.3345444036628225,13.084961675394132,1.9345616186395973e-08
2023-05-23,10.098376984555989,5.155203543999571,13.217987542588393,1.5229979831766897e-08
2023-05-24,9.991541469933804,4.908284969485989,13.00378707709032,1.1970746084938709e-08
2023-05-25,10.003195522070076,5.1752143571669915,12.916176378868013,9.3939499087108e-09
2023-05-26,9.771469233746055,4.976397169040405,12.49674672550556,7.360043697661723e-09
2023-05-27,9.855614959549593,5.150963268674642,12.634044759698748,5.757284347294537e-09
2023-05-28,9.955225683520135,5.091088492804602,12.535590097746638,4.496349938811327e-09
2023-05-29,9.990280079214305,5.1282989243757715,12.546547612799412,3.505965783336442e-09
2023-05-30,10.13995958743472,5.674402737694283,13.287890230684656,2.7293573477654652e-09
2023-05-31,10.017973914110414,5.700236828102526,13.025844347799662,2.121379210297399e-09
2023-06-01,10.255850198091183,6.0536286892884945,13.257507646004088,1.6461956066565203e-09
2023-06-02,10.138931099315846,5.582808734370569,12.756527657911448,1.2754101357479267e-09
2023-06-03,9.86946934636221,5.11360797558805,12.070896574432911,9.865604882693552e-10
2023-06-04,9.996737024117104,5.3648204348072515,12.339848406459073,7.619092351305061e-10
2023-06-05,9.82853543744972,4.9608167255503135,11.818204078620202,5.874742683490541e-10
2023-06-06,9.894784701656617,5.184852963602837,12.160511105310093,4.5225285348721246e-10
2023-06-07,10.124601196016892,5.5692952028778855,12.404403493447411,3.4760179228954255e-10
2023-06-08,10.06094400381569,5.778879938721541,12.852032439488957,2.667432132943308e-10
2023-06-09,10.387101704779258,6.140027517100524,13.419715396041614,2.0437126485705622e-10
2023-06-10,10.165711354925458,6.0338322753651115,13.062943950103891,1.5633969603225695e-10
2023-06-11,10.401731577463956,6.314373479772749,13.502959589261096,1.1941415775989267e-10
2023-06-12,10.637042688009554,7.121951104809049,14.472901177218777,9.107619160900671e-11
2023-06-13,10.535534591304884,6.546604264243855,14.030101976661154,6.936842250541544e-11
2023-06-14,10.586258433471048,6.31552213824471,13.816090144402072,5.2772540660927787e-11
2023-06-15,10.612247258330015,6.21474940430475,14.106450072497564,4.011333365178264e-11
2023-06-16,10.727675291700267,6.443980886048255,14.616864154815506,3.048338455378871e-11
2023-06-17,10.70836963090654,6.45289265447547,14.670359882860698,2.3184145957344338e-11
2023-06-18,10.7444068971512,6.210744912941944,14.477873706358077,1.7679981819595052e-11
2023-06-19,10.893626771998292,7.065930539857126,15.342271685715268,1.3562480044697908e-11
2023-06-20,10.74363080985102,6.648762125335615,14.235631917897985,1.0522911827363492e-11
2023-06-21,10.772274137836256,6.526359814950742,14.126747107285995,8.331176669403713e-12
2023-06-22,10.798419496255088,6.334876643771032,14.10757206596951,6.819947296834659e-12
2023-06-23,10.496727584831437,6.098767103873973,13.600983732226538,5.873035292331878e-12
2023-06-24,10.671462733793284,6.396614338206279,13.962271083408243,5.417251838603803e-12
2023-06-25,10.513215806613266,5.799104648842521,13.42291946018986,5.417251838603803e-12
2023-06-26,10.353593906901242,5.4274494358925915,12.979029374904052,5.873035292331878e-12
2023-06-27,10.071446134411422,5.08523532913582,12.307227242369612,6.819947296834659e-12
2023-06-28,10.025905400144213,5.016942019312168,12.178545879110096,8.331176669403713e-12
2023-06-29,9.995702334765154,5.281223259611637,12.317818159798176,1.0522911827363492e-11
2023-06-30,10.07343111856324,5.414786213401977,12.43578777406397,1.3562480044697908e-11
2023-07-01,9.991608619441402,5.533658177365483,12.332768081647531,1.7679981819595052e-11
2023-07-02,10.031265235088435,5.417301291720635,12.115718277138416,2.3184145957344338e-11
2023-07-03,9.684568111574515,4.865072048179452,11.134363615447826,3.048338455378871e-11
2023-07-04,9.962977361410594,5.445988964353012,11.705165981628635,4.011333365178264e-11
2023-07-05,9.872170003725884,5.267707143362354,11.69274330747646,5.2772540660927787e-11
2023-07-06,9.981985920904572,5.4981028506324074,11.967065055322609,6.936842250541544e-11
2023-07-07,10.106973380627558,5.606983297342316,12.664130513440725,9.107619160900671e-11
2023-07-08,10.088106443658782,5.155830856530677,12.217484649188286,1.1941415775989267e-10
2023-07-09,10.048497955788314,5.265182723522927,12.337251695924348,1.5633969603225695e-10
2023-07-10,10.175630900509882,5.115397614203202,12.247736667815127,2.0437126485705622e-10
2023-07-11,10.017963384522483,5.34358421141363,12.62825496279062,2.667432132943308e-10
2023-07-12,10.30027872441226,5.947433033771937,13.01102950093741,3.4760179228954255e-10
2023-07-13,10.064823745033882,5.49983846521688,12.424237799003125,4.5225285348721246e-10
2023-07-14,9.915249805510996,5.402250801032866,12.214701394493057,5.874742683490541e-10
2023-07-15,10.167289667932751,5.427758036169605,12.528164930370778,7.619092351305061e-10
2023-07-16,10.352171600072513,6.253442715598566,13.632280672409053,9.865604882693552e-10
2023-07-17,10.331941576422569,5.778019484595482,13.142284656124954,1.2754101357479267e-09
2023-07-18,10.212778633660289,5.442496357740228,12.8099283284441,1.6461956066565203e-09
2023-07-19,10.172758375382395,5.459530488336283,12.748170376144529,2.121379210297399e-09
2023-07-20,9.984173757072137,5.016681979337876,12.181747205021011,2.7293573477654652e-09
2023-07-21,9.880050497276118,4.467337541402126,11.588301407800516,3.505965783336442e-09
2023-07-22,9.770685883082525,4.510406960624677,11.732881549457138,4.496349938811327e-09
2023-07-23,9.54890934537418,4.72393500562401,11.5852339640102,5.757284347294537e-09
2023-07-24,9.70991032517558,4.603227172022837,11.1326661950821,7.360043697661723e-09
2023-07-25,9.47485279192611,4.743619572512799,11.318024370615484,9.3939499087108e-09
2023-07-26,9.2431378538171,4.103999098821302,10.47643033283859,1.1970746084938709e-08
2023-07-27,9.26987773430474,4.153857615484723,10.61283015472322,1.5229979831766897e-08
2023-07-28,9.348548212976551,4.117090831583107,10.418804569491671,1.9345616186395973e-08
2023-07-29,9.12811743164442,3.825575824121596,10.166212865503368,2.453414544076659e-08
2023-07-30,8.759698357649816,3.160966536832023,9.462858358620348,3.106450465457057e-08
2023-07-31,8.609445601626408,3.1275840116938434,9.551250558216948,3.927019512955335e-08
2023-08-01,8.61055920064792,3.177646092708859,9.511235543676694,4.956405320700479e-08
2023-08-02,8.796970883893598,3.69839589656464,10.386836049773336,6.245622036391486e-08
2023-08-03,8.981210230684095,3.51121242600493,10.6716563582663,7.85759628921311e-08
2023-08-04,9.243701016546956,4.195789240111592,11.4990264202775,9.86981139163365e-08
2023-08-05,9.462418183710998,4.266532020620105,11.43222194206453,1.2377505393233678e-07
2023-08-06,9.542722430010292,4.358689413262355,11.553646734101754,1.549753135728667e-07
2023-08-07,9.5227211079077,4.308512942484702,11.521821764374913,1.9373007746427937e-07
2023-08-08,9.530460238599709,4.3339434429499715,11.687712520539248,2.417890947687233e-07
2023-08-09,9.862593774394062,4.645305048275179,11.922067693566472,3.012877647004026e-07
2023-08-10,9.74059839830072,4.749208395253743,11.981153913708628,3.7482746881812483e-07
2023-08-11,9.940856110511772,4.878610573545623,12.552079875732538,4.655715715787253e-07
2023-08-12,9.820972841388867,4.8114322289391,12.512651010027778,5.773599123468806e-07
2023-08-13,10.174696540424373,5.193794203327776,13.096872430430258,7.148450721781481e-07
2023-08-14,10.130553364534276,5.497740413409183,13.10630659321,8.836542241316988e-07
2023-08-15,10.27036579724592,5.7320559809760345,13.475969092772209,1.0905809740540756e-06
2023-08-16,10.243137831010564,5.400068671184134,12.875223216497512,1.343812277631584e-06
2023-08-17,10.247395103568882,5.5403298492306075,12.98687133386018,1.6531962874275758e-06
2023-08-18,10.124504688256255,5.238801456932075,12.48089734074806,2.030557849403714e-06
2023-08-19,10.19392212040206,5.392456774901083,12.837256185543016,2.490069341209774e-06
2023-08-20,10.011935292406992,4.895776611479543,11.919592416639231,3.0486856336898702e-06
2023-08-21,9.843061367017844,4.866367574891173,11.287203347345688,3.7266531720786807e-06
2023-08-22,9.793759057182656,4.854309759816792,11.421679008436008,4.548104523682662e-06
2023-08-23,9.854274577211564,4.708643294022304,11.518238892871436,5.541751233646588e-06
2023-08-24,9.795314827540585,4.839503707499733,11.70892827050385,6.7416894784007105e-06
2023-08-25,9.576574193492448,4.751110815645069,11.569591604067412,8.188334815518201e-06
2023-08-26,9.737002144405036,4.891683469736372,11.714660279127065,9.929504305851085e-06
2023-08-27,9.588157790616023,4.256497756622172,10.633394939715942,1.2021666434368982e-05
2023-08-28,9.400920577597777,4.157437488356933,10.582965757761311,1.4531381583631384e-05
2023-08-29,8.988969666304024,3.864573475488617,10.025862955824046,1.753695831946039e-05
2023-08-30,8.850050916566936,3.74881311920133,9.73019528961727,2.113035343044201e-05
2023-08-31,9.08456287667026,3.955108262156592,10.126273292968316,2.541934651619929e-05
2023-09-01,9.239561611567998,3.980159045238395,10.570557200414768,3.0530022934678544e-05
2023-09-02,9.371444254335191,4.198725971883301,10.568311471332086,3.6609602081926864e-05
2023-09-03,9.110088775665515,4.15069205880806,10.47832783765042,4.3829651269463045e-05
2023-09-04,9.383737783721768,4.4130741743687,11.0152686693686,5.2389728858569354e-05
2023-09-05,9.495091787372182,4.639549358829142,11.51598724101828,6.252150377482015e-05
2023-09-06,9.78707789605646,4.901648850623653,11.600902520562414,7.449340201930492e-05
2023-09-07,9.554699340401854,4.622106163980135,11.221803892561775,8.861583426604922e-05
2023-09-08,9.601342575601716,4.426297454291627,11.348138477057828,0.0001052470620295
2023-09-09,9.64537708682055,4.417337150491443,11.491805190320418,0.0001247997631334
2023-09-10,9.725190514476902,4.549706328396338,11.48377452844814,0.000147748360232
2023-09-11,9.656540945235,4.582558401952869,11.406114409278404,0.0001746371788397
2023-09-12,9.686606928868882,4.671115732313717,11.520436924569834,0.0002060895036082
2023-09-13,9.918021232916606,4.9342476187054665,11.825844756247005,0.0002428176033416
2023-09-14,9.8050070360946,4.82932384944561,11.648068432008866,0.0002856337963331
2023-09-15,9.9052167268781,4.671156179079352,11.651485972570551,0.0003354626279025
2023-09-16,9.690611637287272,4.608700165415405,11.45778430656291,0.000393354231363
2023-09-17,9.766413257842336,5.0807699790988865,11.80773367735168,0.000460498941896
2023-09-18,9.848962684711813,4.908615074499591,11.849826386294996,0.0005382432297832
2023-09-19,9.641075245647803,4.467275717332745,11.055731157436767,0.0006281070149764
2023-09-20,9.47854855712014,4.387008839724154,10.66109434613311,0.0007318024188804
2023-09-21,9.71230025601054,4.907301698828268,11.35056768617642,0.0008512540013104
2023-09-22,9.920049176469988,5.072114685665917,11.744900954229523,0.0009886205206735
2023-09-23,9.971628253483724,5.295786903647556,11.917638428771284,0.00114631824333
2023-09-24,10.204081222326026,5.740532223901083,12.631027819953438,0.0013270458136505
2023-09-25,10.325417137531758,5.607716486863447,12.77617413923526,0.0015338106793244
2023-09-26,10.31595720094836,5.634504855728592,12.751400679328562,0.0017699570468628
2023-09-27,10.34703925455492,5.512353710234639,12.138931747850323,0.0020391953198422
2023-09-28,10.0440121439286,5.266738971719636,11.982031488392252,0.0023456329471668
2023-09-29,10.021874094352942,5.092156583262788,11.847379924854792,0.0026938065804214
2023-09-30,9.794706058791276,4.831079350949566,11.146136176622129,0.0030887154082367
2023-10-01,9.71533255940625,4.668315070906963,11.016173745888215,0.0035358555015075
2023-10-02,9.8806977409381,4.916951392977863,11.581345921624967,0.0040412549663947
2023-10-03,10.223247017010817,5.656081996669363,12.64850971957624,0.004611509662433
2023-10-04,10.244607362374438,5.670315222836441,12.762378035719369,0.0052538192009853
2023-10-05,10.252899116877078,5.271932639163,12.5778165251936,0.0059760228950059
2023-10-06,10.20640922343782,5.522981436500334,12.497005651312453,0.0067866352849748
2023-10-07,10.247733393902152,5.657338849873299,12.536760781591743,0.0076948808183874
2023-10-08,10.42710362801284,5.500147828338605,12.806878768340203,0.0087107272118617
2023-10-09,10.39328695111925,5.863023831425473,13.205428357638636,0.0098449169763924
2023-10-10,10.482029500628284,5.635893354311134,12.591606122615694,0.0111089965382423
2023-10-11,10.159740681988964,5.295211310585704,12.548363781448709,0.0125153423412236
2023-10-12,10.381846428911144,5.6805613310222185,12.749272869255082,0.0140771832715748
2023-10-13,10.382535549817106,5.764188284234711,12.379000514996653,0.0158086187052418
2023-10-14,10.345567731963976,5.672714436211143,11.94575445983522,0.0177246314401777
2023-10-15,10.176554012668364,5.647618639822882,11.864685986607496,0.0198410947443702
2023-10-16,10.141069522184424,5.542313405207846,11.670881399687609,0.0221747727248552
2023-10-17,10.232621202732862,5.418058166795606,11.74657454731951,0.0247433132051542
2023-10-18,10.326826985407145,5.746559990138932,12.467987293286042,0.0275652322895933
2023-10-19,10.386006174647456,5.816213907287007,12.518659406404227,0.0306598897940075
2023-10-20,10.400899985587888,5.483818510442219,12.464874439361871,0.0340474547345993
2023-10-21,10.198074702747808,5.228580468293592,11.824236503284146,0.0377488600912989
2023-10-22,10.048608795218678,5.141148802573516,11.79209748454462,0.0417857460999292
2023-10-23,10.117409429598249,5.127809588824078,11.930844004390234,0.0461803913797347
2023-10-24,10.304835589270676,5.285657583786487,12.212526549092246,0.0509556312701942
2023-10-25,10.509865385790702,5.6694621760031225,12.968142453774671,0.0561347628341337
2023-10-26,10.45872109304162,5.400493967135801,12.319224738271362,0.0617414360834291
2023-10-27,10.651283769012206,5.7324893665437004,12.910364783374089,0.0677995310992478
2023-10-28,10.7795477828081,5.911109167084059,12.921419457331211,0.0743330208507896
2023-10-29,10.90398985110172,6.154764250184802,12.948149966598292,0.0813658196645252
2023-10-30,10.689820136890464,6.262578288683722,13.47832216912788,0.0889216174593863
2023-10-31,10.931254780950466,5.778422136451761,13.27903703766659,0.0970237000412869
2023-11-01,10.884290373850806,5.451443359921564,12.925960297277792,0.1056947559414885
2023-11-02,10.839510173581305,5.814394063598176,13.7932786977498,0.114956670486035
2023-11-03,10.866938213255072,5.522085467157514,13.31818228530815,0.1248303079958328
2023-11-04,10.812681622496957,5.660688856562384,13.71662586654444,0.1353352832366127
2023-11-05,10.91329424462128,5.561066525219726,13.613260730095046,0.1464897234623658
2023-11-06,10.674776580801456,5.028927208412508,12.719296094030534,0.1583100226219387
2023-11-07,10.990845204024655,5.499562525415016,13.335594935904068,0.1708105895230649
2023-11-08,10.960312266528794,5.435540243901745,13.456796850170466,0.1840035919677198
2023-11-09,11.01770266235455,5.675275511933231,13.399827366943262,0.1978986990836146
2023-11-10,11.15097352840468,5.663850082031451,13.08143071924012,0.212502824275022
2023-11-11,10.92517703713954,5.696707126173802,13.04792465753994,0.227819871398009
2023-11-12,10.895677889589896,5.6421038228845175,12.75896948171196,0.2438504869265247
2023-11-13,11.058881899477388,5.644000987403415,12.884142477328837,0.2605918210126892
2023-11-14,11.315633760386952,5.9613599674858095,13.774317999706714,0.2780373004531941
2023-11-15,11.369498147772566,6.020194618218493,14.004011097942456,0.2961764166502667
2023-11-16,11.345038137054036,5.715891756325242,13.432996458360607,0.3149945316967633
2023-11-17,11.414649052429072,6.056803701706737,13.70412590577977,0.334472705717564
2023-11-18,11.447609462580044,5.757581630850923,13.123266070770176,0.3545875485608989
2023-11-19,11.50493071375178,6.05696999831331,13.932163245797549,0.3753110988513995
2023-11-20,11.739216591348908,6.450311292245968,14.18758102858692,0.3966107332899649
2023-11-21,11.534226398369965,5.931836003716609,13.647783505862291,0.4184491089130354
2023-11-22,11.84361801759898,6.092416447016715,13.914658336409758,0.4407841408053245
2023-11-23,11.797690817271777,5.991999899758202,13.704057192863417,0.4635690174959985
2023-11-24,11.654709644117926,5.628051749920982,13.653622661767598,0.4867522559599717
2023-11-25,11.911171187925715,5.920387155153119,14.25052326136016,0.5102777977955038
2023-11-26,12.128595006351151,6.200152241196165,14.607582499008164,0.534085147759517
2023-11-27,12.092156594913886,6.124482192049487,15.010563491767908,0.5581095554166826
2023-11-28,12.377738341015483,6.214488530481672,15.461701440514709,0.5822822402018133
2023-11-29,12.477344723034928,6.345178770366988,15.853025197395109,0.6065306597126334
2023-11-30,12.681728714488552,6.608189536267041,16.578818267836926,0.6307788205474283
2023-12-01,12.846704562216438,6.764997911954061,16.968462561580004,0.6549476304858832
2023-12-02,13.12177340174256,7.330485727051219,17.527062371193594,0.6789552902885679
2023-12-03,13.096407873821866,7.011236386878145,17.111533704724355,0.7027177228683977
2023-12-04,13.234122781273983,7.020213315959938,17.327630724679146,0.7261490370736908
2023-12-05,13.214372479718106,6.9379326728121455,17.409811171467027,0.7491620228249927
2023-12-06,13.308593300118137,7.019035942630893,17.575397578926832,0.7716686738745262
2023-12-07,13.355770290769698,7.150637194321276,17.24549491199801,0.7935807340157667
2023-12-08,13.49369529180991,7.361719860856384,17.78690647314798,0.8148102621687294
2023-12-09,13.541955280658597,7.441959161621883,17.869804323489834,0.835270211411272
2023-12-10,13.650821431653323,7.4127455130963185,17.64783036298841,0.8548750167246695
2023-12-11,13.586789586099126,7.483890143064983,17.91231973185082,0.8735411859788501
2023-12-12,13.604442937649084,7.333868259387937,17.41404006489093,0.8911878885041844
2023-12-13,13.497560538302396,7.204674039111915,16.749894956915455,0.9077375354868296
2023-12-14,13.41568831743158,6.515826604911794,16.00845088600242,0.9231163463866358
2023-12-15,13.395164185599151,6.483700209361983,15.962886207457652,0.9372548956126776
2023-12-16,13.303839399113269,6.140086785673967,15.674432787811549,0.9500886338026268
2023-12-17,13.382480805824745,6.504432577357386,16.32031958975836,0.9615583782382694
2023-12-18,13.470646602676842,6.603934432147161,16.31971986244341,0.9716107671891228
2023-12-19,13.57289135115578,6.630717825348611,16.235270104378706,0.9801986733067553
2023-12-20,13.439410783235008,6.748713721851231,16.3442667761761,0.9872815715902904
2023-12-21,13.585949229515604,6.887011433759568,16.66371236331816,0.9928258579038134
2023-12-22,13.716270115184464,6.885954708111786,16.78610913914086,0.9968051145430328
2023-12-23,13.562979085216949,6.36800384192819,16.002383447060314,0.9992003199146836
2023-12-24,13.380629394755502,6.39208877464867,15.88680500235706,1.0
2023-12-25,13.686723811069047,6.383402972549582,16.28579226541222,0.9992003199146836
2023-12-26,13.563201220406183,6.117238559336483,15.69157079167859,0.9968051145430328
2023-12-27,13.357494808696384,6.053738790754711,15.47688394285674,0.9928258579038134
2023-12-28,13.504310094990808,6.922966335815274,16.420907481280416,0.9872815715902904
2023-12-29,13.590795821210186,7.266152355271082,16.747929233042097,0.9801986733067553
2023-12-30,13.75700358881093,7.443313517874408,16.864480183788306,0.9716107671891228
2023-12-31,13.680711832391696,7.392887684940222,16.708865349067555,0.9615583782382694
2024-01-01,13.66132313017605,7.316357834061518,16.47190094168173,0.9500886338026268
2024-01-02,13.68381641348408,7.463214191960548,16.314463435950422,0.9372548956126776
2024-01-03,13.527573006740266,7.413580156609793,16.284016715941892,0.9231163463866358
2024-01-04,13.457013722932532,7.162558072891267,15.80411968356017,0.9077375354868296
2024-01-05,13.418507563894488,7.228941317291094,15.722961243244818,0.8911878885041844
2024-01-06,13.27546436452283,7.513782086566216,15.830618255636908,0.8735411859788501
2024-01-07,13.17835394405699,7.132116363281385,15.060914107034735,0.8548750167246695
2024-01-08,13.360534877937644,7.218446415952012,15.29417019996626,0.835270211411272
2024-01-09,13.348976597274158,7.637308944197577,15.69513684013957,0.8148102621687294
2024-01-10,13.29971981984206,7.8257724972343405,16.237835178102337,0.7935807340157667
2024-01-11,13.253666057392223,7.340308409358842,15.538289340028962,0.7716686738745262
2024-01-12,13.018177116250186,7.212576423820824,15.183013404020212,0.7491620228249927
2024-01-13,13.037229439152762,6.759725189281996,14.838971212607502,0.7261490370736908
2024-01-14,13.001313566244688,6.796973127940175,14.883389560515145,0.7027177228683977
2024-01-15,12.90339206694103,6.776793847164065,14.836123556549536,0.6789552902885679
2024-01-16,12.679040715514944,6.617977770820671,14.519418618540302,0.6549476304858832
2024-01-17,12.41238318446024,5.990701971889774,13.697515299242998,0.6307788205474283
2024-01-18,12.240909365428395,6.156858586238544,13.714441188164226,0.6065306597126334
2024-01-19,12.24416638911102,5.967658338232302,13.487463927986362,0.5822822402018133
2024-01-20,12.010379285933112,5.7599913207508875,13.587262931633566,0.5581095554166826
2024-01-21,12.10421865701636,5.97028102474556,13.261467019167313,0.534085147759517
2024-01-22,11.881823071969215,5.734198382277919,12.9323264285218,0.5102777977955038
2024-01-23,11.637199029253935,5.248858981854226,12.190996177595618,0.4867522559599717
2024-01-24,11.460287176408526,5.1450719820063915,12.3424818480005,0.4635690174959985
2024-01-25,11.18552292332284,4.917828709012906,11.891349672194856,0.4407841408053245
2024-01-26,11.165667828273373,4.892223999106587,11.737076629937528,0.4184491089130354
2024-01-27,11.159412288366832,5.1738208784437525,12.05098160787741,0.3966107332899649
2024-01-28,11.020522608976714,4.797293756465571,11.369695867752377,0.3753110988513995
2024-01-29,10.85661902353905,4.59024381279432,11.242500349184343,0.3545875485608989
2024-01-30,10.922323486575488,4.6398832166219215,11.445695226435008,0.334472705717564
2024-01-31,10.903037349961505,5.081261255776074,11.788746895815263,0.3149945316967633
2024-02-01,10.854845334714152,4.886826483196771,11.733981551919069,0.2961764166502667
2024-02-02,10.914845972412676,4.892620154776091,11.710226563421752,0.2780373004531941
2024-02-03,10.72661204311406,4.808039815956856,11.756008335484715,0.2605918210126892
2024-02-04,10.757147493107734,4.349615261982554,11.55248791931054,0.2438504869265247
2024-02-05,10.753685251836146,4.283876122637203,11.677594081085893,0.227819871398009
2024-02-06,10.599809532520824,4.361361282214979,11.508424769692017,0.212502824275022
2024-02-07,10.397354792197552,4.303500157750235,11.353232947154313,0.1978986990836146
2024-02-08,10.612015557473978,4.7066145756939175,11.690521618957431,0.1840035919677198
2024-02-09,10.441577619542668,4.579528089836958,11.10437480901082,0.1708105895230649
2024-02-10,10.487009063151769,4.772429712492565,11.71719454977396,0.1583100226219387
2024-02-11,10.707805078726263,4.821754957750999,12.00812635351902,0.1464897234623658
2024-02-12,10.9643518627636,5.421526189201007,12.988530061015382,0.1353352832366127
2024-02-13,10.936722884398554,5.185594514367349,12.458146005312868,0.1248303079958328
2024-02-14,10.848207501642348,5.235358580056075,12.724305902792311,0.114956670486035
2024-02-15,10.74927434408966,4.833880969041266,12.27263326957938,0.1056947559414885
2024-02-16,10.723538298658726,5.243991769501707,12.86871879956112,0.0970237000412869
2024-02-17,10.877967846536423,5.2668144843512925,12.957120986820527,0.0889216174593863
2024-02-18,10.98252639406087,5.574954479824506,13.405217241361914,0.0813658196645252
2024-02-19,10.997900000154376,5.705059003211777,13.516092955260696,0.0743330208507896
2024-02-20,11.052445142631129,5.792671700372271,13.68386657225626,0.0677995310992478
2024-02-21,11.35847350849382,6.124240021557367,14.189957078206971,0.0617414360834291
2024-02-22,11.444448161332907,6.299535137215178,14.07086746889251,0.0561347628341337
2024-02-23,11.417176984074144,6.061974066079322,14.100488457879504,0.0509556312701942
2024-02-24,11.239845460083783,5.641829633406251,13.45384735704497,0.0461803913797347
2024-02-25,11.196288439914742,5.8996254392975995,13.446138398101862,0.0417857460999292
2024-02-26,11.132281818523603,5.839044557134816,13.448294792859468,0.0377488600912989
2024-02-27,11.255190470423845,6.056930587878524,13.872945012098723,0.0340474547345993
2024-02-28,11.229215967276817,5.729181655006926,13.32592755762314,0.0306598897940075
2024-02-29,11.11431374435207,5.915884016611433,13.156381204211522,0.0275652322895933
2024-03-01,10.88677667684606,5.5971851779032376,12.837216349523011,0.0247433132051542
2024-03-02,10.968206822072162,5.595385900108875,12.820486358665512,0.0221747727248552
2024-03-03,10.842251506725445,5.607747213610634,12.599288467456978,0.0198410947443702
2024-03-04,11.022619720044233,6.058171407609409,13.000721311945776,0.0177246314401777
2024-03-05,11.088497992032776,6.120900541158587,13.143927267189156,0.0158086187052418
2024-03-06,10.825083171540722,5.367096306802001,12.16749815995513,0.0140771832715748
2024-03-07,10.619066275175156,5.114631110524813,11.716616050726437,0.0125153423412236
2024-03-08,10.678634046071371,5.226429160701632,11.900814418405991,0.0111089965382423
2024-03-09,10.597019159136565,5.331058260446473,12.021197071002357,0.0098449169763924
2024-03-10,10.686823911246597,5.209180477586197,11.803007029280344,0.0087107272118617
2024-03-11,10.338791995262806,5.150449368299596,11.450186790062531,0.0076948808183874
2024-03-12,10.53002554950812,5.3388362418296245,11.472195676948331,0.0067866352849748
2024-03-13,10.659289543989962,5.487091933650095,11.556645599937166,0.0059760228950059
2024-03-14,10.599126839127392,5.460452916318225,11.99357216666212,0.0052538192009853
2024-03-15,10.701328772103684,5.456298750106266,12.291358243377312,0.004611509662433
2024-03-16,10.91816149683703,5.616122007945034,12.423674821006536,0.0040412549663947
2024-03-17,10.678939616397113,5.537440069739069,11.978310025174164,0.0035358555015075
2024-03-18,10.58163388599702,4.84847529869331,11.369146196398544,0.0030887154082367
2024-03-19,10.393537131846797,5.101597187855436,11.643706550588956,0.0026938065804214
2024-03-20,10.877715163424252,5.744345642105627,12.466837350149923,0.0023456329471668
2024-03-21,10.87136563343664,5.726014857971744,12.26985924307366,0.0020391953198422
2024-03-22,11.009236864230164,5.702539057525847,12.587020874957808,0.0017699570468628
2024-03-23,10.883287419869422,5.7007338426355005,12.369282073120743,0.0015338106793244
2024-03-24,10.799357983992966,5.871356684032203,12.245653509905887,0.0013270458136505
2024-03-25,10.720759438047248,5.345389400499033,11.771594178647629,0.00114631824333
2024-03-26,10.836906345612222,5.746646271945324,11.832604350360342,0.0009886205206735
2024-03-27,10.687397958829994,5.573135720343992,11.54700672583852,0.0008512540013104
2024-03-28,10.692438449388904,5.997325246828384,11.82782738216338,0.0007318024188804
2024-03-29,10.9027606498916,6.083893014307936,12.439809847902854,0.0006281070149764
2024-03-30,10.886243055876388,6.058778286597246,12.132991868066425,0.0005382432297832
2024-03-31,11.11677256618525,6.20237776666074,12.534332142221484,0.000460498941896
2024-04-01,11.08261534158686,6.452311853223266,12.69415615990138,0.000393354231363
2024-04-02,10.96271056904618,6.136193995624113,12.045447284455683,0.0003354626279025
2024-04-03,10.934567363739363,5.923130235089031,12.194049194175486,0.0002856337963331
2024-04-04,11.029764898600968,5.928041202117574,12.542833462793489,0.0002428176033416
2024-04-05,11.24201446860519,6.279164587835918,13.281093987231914,0.0002060895036082
2024-04-06,11.209295339817936,6.275641153674033,13.206037350354968,0.0001746371788397
2024-04-07,11.285188298082971,6.301434918135134,13.510962963350956,0.000147748360232
2024-04-08,11.264155785231797,6.384058957667376,13.58301978083319,0.0001247997631334
2024-04-09,11.175931639113296,5.955584580532227,12.628085739639918,0.0001052470620295
2024-04-10,11.230470521651274,6.399796763402206,12.964816677252273,8.861583426604922e-05
2024-04-11,11.436637699624628,6.387625721032626,13.051744720542992,7.449340201930492e-05
2024-04-12,11.175782948896307,6.073515710863226,12.717942041464026,6.252150377482015e-05
2024-04-13,11.09021100794879,5.75113455354486,12.746779356118653,5.2389728858569354e-05
2024-04-14,11.28719539374332,6.052187379121983,13.501907392557625,4.3829651269463045e-05
2024-04-15,11.161437436239355,5.791517716821125,13.234724271426382,3.6609602081926864e-05
2024-04-16,11.28799288591126,5.870574929973935,13.148879611196666,3.0530022934678544e-05
2024-04-17,11.120754235943965,5.824953607497596,13.324287940126284,2.541934651619929e-05
2024-04-18,11.24371806874496,5.6970783380260235,13.489312645138408,2.113035343044201e-05
2024-04-19,11.148505440801806,5.319727029371074,12.786300329845831,1.753695831946039e-05
2024-04-20,11.07360050504916,5.278147151057789,13.05391503333646,1.4531381583631384e-05
2024-04-21,11.001949175382038,4.909195516284123,12.501663376057126,1.202166643436898e-05
2024-04-22,10.90886786440878,5.234659176803465,12.709241429532502,9.92950430585108e-06
2024-04-23,10.691383154677805,4.745317176081391,11.834679750170306,8.1883348155182e-06
2024-04-24,10.54489892343488,4.640256917707881,11.695450892439425,6.741689478400707e-06
2024-04-25,10.382809965343284,4.402890913705892,11.351963907777744,5.541751233646584e-06
2024-04-26,10.554452590684518,4.508530415345294,11.342961182666135,4.548104523682655e-06
2024-04-27,10.45508185303377,4.650673756382307,11.569305531342152,3.726653172078671e-06
2024-04-28,10.39609937998936,3.980542125441915,10.970557968706723,3.048685633689856e-06
2024-04-29,10.245584789330064,3.8197823869043064,10.552209668054823,2.4900693412097526e-06
2024-04-30,9.912168373000172,3.9438350183883024,10.46635760027578,2.0305578494036836e-06
2024-05-01,9.747429958188723,3.4322468348828874,9.768762353901932,1.653196287427531e-06
2024-05-02,9.609233650803002,3.355175669436322,9.344976143989582,1.343812277631519e-06
2024-05-03,9.52739422773326,3.277571602673595,9.439979487363017,1.090580974053981e-06
2024-05-04,9.469729599156809,3.5538176544872715,9.569452623269228,8.836542241315613e-07
2024-05-05,9.614000217924932,3.7317917048988702,9.719055808292785,7.148450721779487e-07
2024-05-06,9.538710654678304,3.3277353736462225,9.234370461620683,5.773599123465918e-07
2024-05-07,9.86060704749574,4.054633480125425,10.30691215861849,4.655715715783078e-07
2024-05-08,9.881983786500534,3.7786654659808065,9.99155658023955,3.748274688175221e-07
2024-05-09,9.63174589561537,3.613647850589949,9.733724305818868,3.012877646995338e-07
2024-05-10,9.924579247161065,3.991055724666503,10.301475091654698,2.417890947674731e-07
2024-05-11,10.044785520934589,4.36558743462327,10.435317187477516,1.937300774624831e-07
2024-05-12,10.258089577698188,4.842826499846112,10.871683655784148,1.5497531357028997e-07
2024-05-13,10.483477973610826,4.9598964950744415,11.147198019770808,1.2377505392864636e-07
2024-05-14,10.33406238559609,4.587959821586244,11.164245207343631,9.869811391105965e-08
2024-05-15,10.66878439089313,5.422754102311056,12.347171330870836,7.857596288459782e-08
2024-05-16,10.963910605701994,5.625041515580159,12.60825856189525,6.245622035317746e-08
2024-05-17,11.157348816486376,5.957607677466694,13.478747227566346,4.956405319172498e-08
2024-05-18,11.09709216843616,5.4520645053346035,12.807993398879184,3.9270195107844254e-08
2024-05-19,11.118092380848353,5.316731600486956,12.61344614199472,3.1064504623776206e-08
2024-05-20,11.2813541359339,5.560234233765563,13.04047411278042,2.453414539715462e-08
2024-05-21,10.925982608453316,5.192737034694066,12.556072710757713,1.9345616124730042e-08
2024-05-22,11.059084071525906,5.469075890243218,12.978985812935148,1.5229979744712632e-08
2024-05-23,11.394360104389271,5.882951498090622,13.872673955909145,1.1970745962240021e-08
2024-05-24,11.426661555271924,5.707541949468806,13.412280271884605,9.393949736049535e-09
2024-05-25,11.37811345495428,5.651374671237802,13.489360366697715,7.360043455081694e-09
2024-05-26,11.323510283288742,5.850843754295864,13.459833433432769,5.757284007027173e-09
2024-05-27,11.261572149601356,5.7966324413967545,13.38005313838636,4.4963494622808535e-09
2024-05-28,11.290077603665337,5.679310821946773,13.623488935030934,3.505965117042003e-09
2024-05-29,11.42007403724426,5.277409904095558,13.32510488453612,2.729356417628663e-09
2024-05-30,11.141950215516037,5.239732060874602,13.96539027785738,2.1213779139165823e-09
2024-05-31,11.110979283468614,4.777122577087518,13.038465072816887,1.6461938027106875e-09
2024-06-01,11.06668163631018,5.1553478431509925,13.055311476496268,1.2754076295260394e-09
2024-06-02,11.137787483895108,5.1876256812534445,12.702572498840484,9.86557011941944e-10
2024-06-03,11.088190934930967,5.127018667229367,12.874617321166848,7.61904420899161e-10
2024-06-04,10.821369456086956,4.558667664925672,12.102843500182455,5.874676119650493e-10
2024-06-05,10.614099986704892,4.060876218431477,11.769724681850697,4.5224366476950904e-10
2024-06-06,10.363227496105306,3.776831827208412,11.21359223079364,3.4758912812399344e-10
2024-06-07,10.335785294952665,3.6789724971033855,10.777367478994918,2.6672578706690076e-10
2024-06-08,10.187921755479646,3.493781868312643,10.298807986402974,2.0434732424191528e-10
2024-06-09,9.575010915744048,2.788864492622664,9.211503190222098,1.5630685836019134e-10
2024-06-10,9.333407792328025,2.7936741170890853,9.041873361125244,1.1936918862357243e-10
2024-06-11,9.564056580407016,3.446484278456312,9.783498963053216,9.101470764487967e-11
2024-06-12,9.700160384676556,3.329561910535866,9.455275032083271,6.928449306969039e-11
2024-06-13,9.48377068627351,3.164394489024277,9.389777049172723,5.2658154923892194e-11
2024-06-14,9.801085899570468,3.3773675601777873,9.767272825773665,3.9957688866278e-11
2024-06-15,9.529803014887694,3.5162622579278704,9.500897402330212,3.0271937126909755e-11
2024-06-16,9.736235930927316,3.5814952716796316,9.546302289401602,2.289734845645553e-11
2024-06-17,9.49615195810136,3.8530290640621465,9.399926282878123,1.7291604867152327e-11
2024-06-18,10.076859777173864,4.494131970666345,10.399171586224975,1.3037386516900484e-11
2024-06-19,10.217904394221526,4.440195021851473,10.734931069000009,9.814109704064989e-12
2024-06-20,10.531031278028792,4.606521756120247,11.256423206256768,7.375923508873931e-12
2024-06-21,10.49035420194897,4.55015761718357,10.907331698846132,5.5346100717010135e-12
2024-06-22,10.386636610664628,4.791113981861084,11.069701052901207,4.146319676863116e-12
2024-06-23,10.799771759510003,5.54988755756884,11.782243147896471,3.101299185919407e-12
2024-06-24,11.094960086225765,5.598305213461445,12.043516290274772,2.315952652684396e-12
2024-06-25,10.841611064428584,5.128905493991516,11.7869562744218,1.7267156154687626e-12
2024-06-26,10.857162821236049,4.842433869341519,11.444456884605192,1.2853372251336457e-12
2024-06-27,10.855431178152251,4.8460864714269904,11.914581111411762,9.552531605297814e-13
2024-06-28,10.740100239148187,4.682479341074288,11.438205927335543,7.088021232985014e-13
2024-06-29,10.601739808274209,4.4377540899876,11.549191079914944,5.250935277974227e-13
2024-06-30,10.798624540482887,4.769002370139572,12.11194416525788,3.8837695244272707e-13
2024-07-01,10.82842371679211,4.299427360105785,11.522451677839054,2.8679750088880983e-13
2024-07-02,10.847016906235869,4.483267921009809,11.897298703890453,2.1144742687895447e-13
2024-07-03,10.91552871248779,5.067405686371261,12.715743283158314,1.5564478550463914e-13
2024-07-04,11.13761872014729,5.266414767293317,13.058184835561852,1.1438573703559518e-13
2024-07-05,11.04979408122981,5.232746867895061,13.19409625633161,8.39294357250596e-14
2024-07-06,11.072409406967518,4.788290650454685,12.666848663468954,6.148396412704779e-14
2024-07-07,10.845786118550995,4.047388965334277,11.66757067564512,4.4969136320233276e-14
2024-07-08,10.802155869429782,4.371572322067557,12.102989549064691,3.28376720656351e-14
2024-07-09,10.919534292648825,4.538845544269813,12.647770156448203,2.3940615140956692e-14
2024-07-10,11.152051625023809,5.4250241165576005,13.690156184331457,1.7426227429980393e-14
2024-07-11,11.463527887144885,5.5612079532275,14.02228808519308,1.2664165549094176e-14
2024-07-12,11.45835281483209,5.5524749740478025,14.219195555954784,9.188717703479915e-15
2024-07-13,11.65524160906904,6.046485750116424,14.809337020962491,6.6563840049804555e-15
2024-07-14,11.724788448261608,6.022802438230125,15.200883426212917,4.814231344975465e-15
2024-07-15,12.073185709057968,6.266943466801239,15.477448288404656,3.476327411194989e-15
2024-07-16,12.072731897267076,6.34873796851408,16.099703403911413,2.5062218871452745e-15
2024-07-17,12.109314964718584,6.292205483937981,15.75834131559381,1.8039458325927787e-15
2024-07-18,12.081287915274704,6.271888926488441,15.658352115825622,1.2963808168255437e-15
2024-07-19,11.930961375656048,6.166018581148944,15.36943172256206,9.301368016640084e-16
2024-07-20,12.00938844044168,6.1821647494110135,15.235194244682836,6.662944392995099e-16
2024-07-21,12.258839215317275,6.459731122425278,15.612886099560813,4.765304735299088e-16
2024-07-22,11.958112347577265,6.679443633824445,15.924849110217265,3.4026736420397943e-16
2024-07-23,12.244677633583429,6.876209139739988,16.14793719966838,2.4258002935511285e-16
2024-07-24,12.319018830489766,6.560701109909147,15.805736430101646,1.7266126578985388e-16
2024-07-25,12.224029872700306,6.561517566006597,15.767044452557592,1.226986898379846e-16
2024-07-26,12.28423580002522,6.833225569191461,16.114832449961533,8.705426622296251e-17
2024-07-27,12.254815207008722,6.834069603997989,15.881586591315552,6.16659351490994e-17
2024-07-28,12.14238048773262,6.85346100100793,15.951403454040497,4.361197086931712e-17
2024-07-29,12.340156579349143,7.015954337815985,16.133264282100058,3.07943636203191e-17
2024-07-30,12.289394559033624,6.998835615464609,15.782831780978672,2.170910317848089e-17
2024-07-31,12.257769965330326,6.790702625677078,15.583230137327297,1.5279799682872937e-17
2024-08-01,12.229126340017435,6.760999494908743,15.266202992160189,1.0737386039033793e-17
2024-08-02,12.378136433289338,7.123669394419375,15.651918370707769,7.533288557462633e-18
2024-08-03,12.26538990189754,7.40451694864113,15.459316819360756,5.276862374834124e-18
2024-08-04,12.260037067929298,7.177695317764387,14.96773513948594,3.69038826687656e-18
2024-08-05,12.1239717696734,6.752067100415341,14.438876156600664,2.576757109154981e-18
2024-08-06,11.905793918192458,6.611880984464569,14.342085668131295,1.7963048142704033e-18
2024-08-07,12.057363131923031,6.5078308955497555,14.338038042889684,1.2502351753434699e-18
2024-08-08,12.026430538318468,6.54294548286084,14.411601692973292,8.687774147040386e-19
2024-08-09,11.932012550801131,6.528352158865646,14.297487713799134,6.027406187596987e-19
2024-08-10,11.75419193301484,6.333205580500272,14.10642375769534,4.175010055850544e-19
2024-08-11,11.730740805237623,6.157338554717936,13.826451922235124,2.887285440846917e-19
2024-08-12,11.726089088185685,6.138842193869829,13.7108963728707,1.9935495969983477e-19
2024-08-13,11.786560140792114,6.067893646616142,13.66421848780655,1.3742618723732553e-19
2024-08-14,11.706056544561656,5.867466230997135,13.25871511459581,9.458386988221945e-20
2024-08-15,11.665583886377275,5.84429208599025,13.450200861022982,6.499347972070847e-20
2024-08-16,11.755772897970903,5.998488027109446,13.872371110326338,4.458898934501812e-20
2024-08-17,11.783054979356896,6.004125270161474,14.28041891066918,3.0541516442847473e-20
2024-08-18,11.749752433065892,5.8600510483740464,13.631862617527275,2.0886164474088103e-20
2024-08-19,11.482488348285392,5.739450890704088,13.20099853180826,1.4260406956101183e-20
2024-08-20,11.404461614312291,5.294321642114411,12.964083315213,9.72098502030078e-21
2024-08-21,11.713859644068528,5.548652860200066,13.836197591247036,6.615973503989044e-21
2024-08-22,11.640982880803904,5.573570713321793,14.193318571332684,4.4955452089185905e-21
2024-08-23,11.614134951097348,5.209061691616252,13.675780679171732,3.049833359432162e-21
2024-08-24,11.356329623942072,4.7895283373349145,12.955420088373634,2.0657367715490986e-21
2024-08-25,11.33297714671777,4.512561345234756,12.520298346621292,1.3969439431470893e-21
2024-08-26,10.997430911709356,4.266131987105698,12.37856171823639,9.431659347155082e-22
2024-08-27,10.924084383432724,4.004829102973556,12.27544625597599,6.357734135491306e-22
2024-08-28,11.027774200721357,4.220470089908637,12.480940505924096,4.278797644175367e-22
2024-08-29,10.673331262913567,3.8491100547546138,11.639798341788309,2.8750556939460323e-22
2024-08-30,10.488636616519214,3.5794400949639633,11.54404729086909,1.9287498479639176e-22
2024-08-31,10.63229307900447,3.672300440094917,11.490407022738545,1.2918457967401125e-22
2024-09-01,10.738378029624206,4.107654581742895,12.065018640900602,8.638743455627399e-23
2024-09-02,10.725828301175008,4.038089793371119,11.559570454037694,5.767606283300127e-23
2024-09-03,10.710893175362914,4.768203445597359,12.194940932788777,3.844552221631987e-23
2024-09-04,11.014895844426167,4.738454051489535,11.964148379162012,2.558592081048686e-23
2024-09-05,10.94745407540784,4.848335431301262,12.44758057900346,1.7000491099708284e-23
2024-09-06,11.202607463193525,5.167521727286876,13.22353615124095,1.127786812116358e-23
2024-09-07,11.174980228224369,5.177405668595437,12.768619572568904,7.469605838760877e-24
2024-09-08,11.34930223636249,5.409030913611694,12.905931190490636,4.9393919266744085e-24
2024-09-09,11.287148248707933,5.303622467619547,12.66059613772016,3.2610271807110294e-24
2024-09-10,11.226317693681926,5.217765775713294,12.626205352042351,2.149514992606078e-24
2024-09-11,11.419566693424818,5.25154794765123,12.759530991078703,1.4145935299701347e-24
2024-09-12,11.511191658612857,5.64611761436044,13.486079315785624,9.294541801978438e-25
2024-09-13,11.560205240251028,5.611810208803821,13.3524023954569,6.097185826743307e-25
2024-09-14,11.305766167878016,5.140482955911623,12.394019696348316,3.993337409857663e-25
2024-09-15,11.170683843061,5.098856416802555,12.383831721096271,2.6112455372796397e-25
2024-09-16,11.497135191851063,5.819822995191353,13.443380869778414,1.704765091251133e-25
2024-09-17,11.410860832991792,5.401386543287938,12.676064653840768,1.1111853460278776e-25
2024-09-18,11.238932289418294,5.040889275397275,12.404628112908352,7.231253658184303e-26
2024-09-19,11.199132767532658,4.590873489142808,11.895710011251476,4.69835486089798e-26
2024-09-20,11.19189641911349,4.8922981203473945,12.338302856145152,3.0477768336735766e-26
2024-09-21,11.472347682929174,5.524247199138089,13.37683592837355,1.9739022436907132e-26
2024-09-22,11.42924853820939,5.54052873037104,13.350027379991932,1.2763601800341691e-26
2024-09-23,11.621832615072147,5.995199423281704,13.937225865950618,8.239976655436117e-27
2024-09-24,11.86590429041447,6.164137581800966,14.308153907539689,5.3110922496790945e-27
2024-09-25,12.007720286072416,6.257720028315743,14.672488173838282,3.417801509330115e-27
2024-09-26,11.997818013021272,6.168537966097154,14.540276727162093,2.1959121336314174e-27
2024-09-27,11.994707914151007,5.942534953579704,14.3496570187066,1.4086017008997114e-27
2024-09-28,11.976720254993886,6.187567710478432,14.728748570664544,9.021247279452391e-28
2024-09-29,11.858215559813672,6.088818139355286,14.484970443088072,5.768329961247925e-28
2024-09-30,11.888061191621942,5.7793231372546305,13.981235455932158,3.6824658798756124e-28
2024-10-01,11.819197857264518,5.696494873294787,13.778665797675073,2.347104882648874e-28
2024-10-02,11.727004377828736,5.779790228253805,13.995628594754471,1.4935899788557035e-28
2024-10-03,11.811054746442869,5.976085391670732,14.334109587525395,9.489327032972371e-29
2024-10-04,11.7012159429965,5.620821988509425,13.806731637364082,6.019280276816486e-29
2024-10-05,11.446120828984226,4.929633337987003,12.98659020941287,3.812052266825177e-29
2024-10-06,11.558137669067646,5.371680161665337,13.873809968326094,2.4103397118131807e-29
2024-10-07,11.379718281183324,4.780385027716858,13.07514900149184,1.5216080401835477e-29
2024-10-08,11.40569517510647,4.568960822279965,13.036164768465424,9.590305934760336e-30
2024-10-09,11.187662843099377,4.703557984869003,13.175337689860225,6.0348608059710055e-30
2024-10-10,11.273341298066835,4.357038220089134,12.794854308307947,3.7914661445680425e-30
2024-10-11,11.30800769562642,4.657266133592877,13.12556510359068,2.378221144194645e-30
2024-10-12,11.304227688609108,4.468298629639399,12.650989374345524,1.4893693715887745e-30
2024-10-13,11.064730935402691,4.7418065487491,13.064052780478878,9.312316537266688e-31
2024-10-14,11.361148977650377,4.8857937936609,12.8685848135476,5.813238884889546e-31
2024-10-15,11.284009737118357,5.185123594668132,13.172350193427716,3.623128513358911e-31
2024-10-16,11.32808866541619,4.704800829283263,12.411136724017467,2.2545217874498912e-31
2024-10-17,11.115853841042396,4.678254540064322,12.79569861203904,1.400652056473912e-31
2024-10-18,11.243470074573834,4.993706275214481,12.846292994932677,8.687828088924928e-32
2024-10-19,11.400387659621982,5.42250060470003,13.283261381033729,5.380186160021138e-32
2024-10-20,11.30740818038346,4.887544539301766,12.65045689197638,3.3265075698241765e-32
2024-10-21,11.492791457996962,5.699198928347164,13.400215798165709,2.053453430012675e-32
2024-10-22,11.487350479955658,5.470316956506486,13.433124376772454,1.2655704584288924e-32
2024-10-23,11.609459888019432,5.402446591065028,13.23117491676299,7.787407988816446e-33
2024-10-24,11.362594106721067,4.897841258641618,12.563416661437124,4.7841485558169035e-33
2024-10-25,11.429472550419703,5.268058888876648,12.77797395091232,2.934414864896688e-33
2024-10-26,11.478646248625886,5.2505751113240295,12.949160428358535,1.7969810615205566e-33
2024-10-27,11.2855826690135,5.017644965373503,12.46055314801531,1.0986784723696962e-33
2024-10-28,11.162874566579315,5.136750082760932,12.556810843611627,6.706607012702176e-34
2024-10-29,11.352872827152352,5.24870651068883,12.742744443834347,4.087334972865887e-34
2024-10-30,11.32503611045474,5.046772189784493,12.520257442764354,2.4870397847982683e-34
2024-10-31,11.253975245197372,5.32739850450604,13.00546665839641,1.510881358682e-34
2024-11-01,11.35915753768591,5.316171385121066,13.12724124926753,9.163958672289266e-35
2024-11-02,11.231152398063964,5.20623759924358,12.83049720194104,5.549335854775461e-35
2024-11-03,11.258032204524522,5.257112574775888,13.019754292922103,3.355088856231146e-35
2024-11-04,11.367959829049171,5.090558833430614,12.796592558006964,2.0252198342537478e-35
2024-11-05,11.41878487324892,5.315754196119094,12.81322245744047,1.2205215346196303e-35
2024-11-06,11.499592242185235,5.2621096309794835,12.842657669793752,7.343850877682945e-36
